dest_ip,metadata_region,metadata_service,metadata_network_border_group
3.5.140.0/22,ap-northeast-2,EC2,ap-northeast-2
35.180.0.0/16,eu-west-3,EC2,eu-west-3
51.85.0.0/16,il-central-1,EC2,il-central-1
51.168.0.0/15,me-west-1,EC2,me-west-1
3.108.0.0/14,ap-south-1,EC2,ap-south-1
15.181.232.0/21,us-east-1,EC2,us-east-1-iah-1
18.99.176.0/20,ap-east-1,EC2,ap-east-1
35.50.192.0/24,eu-central-1,EC2,eu-central-1
3.2.0.0/24,us-east-1,EC2,us-east-1-iah-1
3.5.60.0/22,ap-southeast-7,EC2,ap-southeast-7
18.97.192.0/18,eu-west-1,EC2,eu-west-1
96.0.80.0/22,ap-southeast-2,EC2,ap-southeast-2-akl-1
18.97.0.0/18,us-east-1,EC2,us-east-1
52.4.0.0/14,us-east-1,EC2,us-east-1
54.222.88.0/24,cn-north-1,EC2,cn-north-1
64.252.81.0/24,sa-east-1,EC2,sa-east-1
96.0.102.0/23,us-east-1,EC2,us-east-1-bos-1
18.96.32.0/19,eu-central-1,EC2,eu-central-1
35.96.248.0/24,eu-west-2,EC2,eu-west-2
50.16.0.0/15,us-east-1,EC2,us-east-1
52.95.224.0/24,eu-south-1,EC2,eu-south-1
54.222.64.0/24,cn-north-1,EC2,cn-north-1
99.151.160.0/21,ap-southeast-5,EC2,ap-southeast-5
139.56.16.0/23,us-west-2,EC2,us-west-2-wl1-phx-wlz-1
15.193.3.0/24,ap-southeast-2,EC2,ap-southeast-2
15.220.196.0/22,us-east-1,EC2,us-east-1-mia-1
15.220.216.0/22,ap-south-1,EC2,ap-south-1-del-2
18.96.160.0/19,il-central-1,EC2,il-central-1
35.71.115.0/24,us-gov-east-1,EC2,us-gov-east-1
136.18.152.0/21,mx-central-1,EC2,mx-central-1
161.188.116.0/22,us-east-1,EC2,us-east-1
192.31.212.0/24,us-west-1,EC2,us-west-1
15.205.0.0/16,us-gov-west-1,EC2,us-gov-west-1
64.252.69.0/24,us-east-1,EC2,us-east-1
71.131.192.0/18,cn-north-1,EC2,cn-north-1
13.236.0.0/14,ap-southeast-2,EC2,ap-southeast-2
15.103.0.0/16,af-south-1,EC2,af-south-1
15.177.100.0/24,ca-west-1,EC2,ca-west-1
35.96.28.0/23,us-east-1,EC2,us-east-1
35.96.240.0/24,us-west-2,EC2,us-west-2
43.206.0.0/15,ap-northeast-1,EC2,ap-northeast-1
52.95.226.0/24,ap-east-1,EC2,ap-east-1
3.4.0.0/24,us-east-1,EC2,us-east-1
15.177.83.0/24,ap-southeast-2,EC2,ap-southeast-2
15.185.0.0/16,me-south-1,EC2,me-south-1
15.220.252.0/22,us-west-2,EC2,us-west-2-las-1
18.96.192.0/19,eu-south-2,EC2,eu-south-2
35.55.17.0/24,eu-central-1,EC2,eu-central-1
54.247.0.0/16,eu-west-1,EC2,eu-west-1
54.248.0.0/15,ap-northeast-1,EC2,ap-northeast-1
99.77.55.49/32,eu-south-2,EC2,eu-south-2
35.71.99.0/24,me-south-1,EC2,me-south-1
54.148.0.0/15,us-west-2,EC2,us-west-2
99.77.130.0/24,us-west-2,EC2,us-west-2
15.193.11.0/24,ap-northeast-3,EC2,ap-northeast-3
18.200.0.0/16,eu-west-1,EC2,eu-west-1
54.206.0.0/16,ap-southeast-2,EC2,ap-southeast-2
66.7.0.0/21,us-west-2,EC2,us-west-2
99.150.56.0/21,us-west-2,EC2,us-west-2
108.175.56.0/22,us-gov-west-1,EC2,us-gov-west-1
5.60.0.0/20,ap-east-2,EC2,ap-east-2
15.193.2.0/24,ap-southeast-1,EC2,ap-southeast-1
15.220.222.0/23,us-east-1,EC2,us-east-1-mci-1
23.228.193.0/24,us-east-1,EC2,us-east-1
35.50.238.0/24,ap-northeast-2,EC2,ap-northeast-2
99.77.132.0/24,us-west-1,EC2,us-west-1
13.204.0.0/14,ap-south-1,EC2,ap-south-1
15.181.247.0/24,us-east-1,EC2,us-east-1-atl-1
18.232.0.0/14,us-east-1,EC2,us-east-1
35.55.11.0/24,ap-southeast-2,EC2,ap-southeast-2
51.34.0.0/16,eu-central-2,EC2,eu-central-2
52.82.169.0/28,cn-northwest-1,EC2,cn-northwest-1
64.252.118.0/24,us-west-1,EC2,us-west-1
99.77.244.0/24,ap-northeast-1,EC2,ap-northeast-1
155.146.80.0/20,us-east-1,EC2,us-east-1-wl1-mia-wlz-1
5.60.64.0/19,us-east-1,EC2,us-east-1
15.220.120.0/21,us-east-1,EC2,us-east-1-bue-1
54.74.0.0/15,eu-west-1,EC2,eu-west-1
15.220.207.0/24,us-west-2,EC2,us-west-2-sea-1
18.99.144.0/20,af-south-1,EC2,af-south-1
18.102.0.0/16,eu-south-1,EC2,eu-south-1
40.172.0.0/16,me-central-1,EC2,me-central-1
43.193.0.0/18,cn-northwest-1,EC2,cn-northwest-1
52.83.0.0/16,cn-northwest-1,EC2,cn-northwest-1
64.252.122.0/24,us-west-1,EC2,us-west-1
155.146.224.0/20,us-east-1,EC2,us-east-1-wl1-msp-wlz-1
52.47.0.0/16,eu-west-3,EC2,eu-west-3
52.94.249.144/28,ap-east-1,EC2,ap-east-1
52.94.250.96/28,mx-central-1,EC2,mx-central-1
52.95.255.64/28,eu-west-1,EC2,eu-west-1
99.77.55.46/32,eu-south-2,EC2,eu-south-2
151.148.40.0/24,ap-northeast-2,EC2,ap-northeast-2
159.248.224.0/21,ap-southeast-3,EC2,ap-southeast-3
13.208.0.0/16,ap-northeast-3,EC2,ap-northeast-3
15.193.7.0/24,us-west-2,EC2,us-west-2
35.50.211.0/24,me-south-1,EC2,me-south-1
35.55.126.0/24,us-west-2,EC2,us-west-2
54.156.0.0/14,us-east-1,EC2,us-east-1
54.236.0.0/15,us-east-1,EC2,us-east-1
96.0.32.0/22,eu-north-1,EC2,eu-north-1-cph-1
99.150.8.0/21,us-east-1,EC2,us-east-1
155.146.240.0/20,us-east-1,EC2,us-east-1-wl1-iah-wlz-1
3.5.40.0/22,ap-southeast-4,EC2,ap-southeast-4
3.5.136.0/22,eu-central-1,EC2,eu-central-1
15.181.160.0/20,us-east-1,EC2,us-east-1-nyc-1
18.191.0.0/16,us-east-2,EC2,us-east-2
35.50.229.0/24,ap-northeast-3,EC2,ap-northeast-3
99.77.159.0/24,eu-south-1,EC2,eu-south-1
15.177.82.0/24,ap-southeast-1,EC2,ap-southeast-1
15.181.80.0/20,us-east-1,EC2,us-east-1-atl-1
35.50.143.0/24,us-east-2,EC2,us-east-2
35.50.197.0/24,eu-west-1,EC2,eu-west-1
47.128.0.0/14,ap-southeast-1,EC2,ap-southeast-1
54.153.128.0/17,ap-southeast-2,EC2,ap-southeast-2
122.248.192.0/18,ap-southeast-1,EC2,ap-southeast-1
5.60.128.0/17,ap-northeast-1,EC2,ap-northeast-1
13.247.0.0/16,af-south-1,EC2,af-south-1
18.192.0.0/15,eu-central-1,EC2,eu-central-1
35.71.114.0/24,ap-northeast-1,EC2,ap-northeast-1
54.229.0.0/16,eu-west-1,EC2,eu-west-1
99.77.55.41/32,eu-south-2,EC2,eu-south-2
136.18.0.0/23,us-gov-west-1,EC2,us-gov-west-1
136.18.128.0/23,us-east-1,EC2,us-east-1
136.18.142.0/23,eu-central-1,EC2,eu-central-1
208.78.132.0/23,eu-west-2,EC2,eu-west-2
35.50.212.0/24,me-south-1,EC2,me-south-1
54.250.0.0/16,ap-northeast-1,EC2,ap-northeast-1
64.252.89.0/24,eu-central-1,EC2,eu-central-1
107.20.0.0/14,us-east-1,EC2,us-east-1
3.5.160.0/22,us-west-1,EC2,us-west-1
35.96.30.0/23,us-west-1,EC2,us-west-1
46.51.192.0/20,eu-west-1,EC2,eu-west-1
56.137.0.0/16,us-gov-west-1,EC2,us-gov-west-1
99.77.149.0/24,sa-east-1,EC2,sa-east-1
155.146.176.0/20,us-east-1,EC2,us-east-1-wl1-chi-wlz-1
3.132.0.0/14,us-east-2,EC2,us-east-2
43.195.0.0/20,cn-north-1,EC2,cn-north-1
43.210.0.0/15,ap-southeast-7,EC2,ap-southeast-7
63.32.0.0/14,eu-west-1,EC2,eu-west-1
64.252.85.0/24,eu-west-2,EC2,eu-west-2
13.36.0.0/14,eu-west-3,EC2,eu-west-3
54.25.15.0/24,us-east-1,EC2,us-east-1
15.177.94.0/24,ap-south-2,EC2,ap-south-2
35.96.11.0/24,us-west-2,EC2,us-west-2
52.95.255.16/28,ap-southeast-2,EC2,ap-southeast-2
63.176.0.0/14,eu-central-1,EC2,eu-central-1
96.0.40.0/21,af-south-1,EC2,af-south-1-los-1
216.39.136.0/21,eu-west-2,EC2,eu-west-2
18.236.0.0/15,us-west-2,EC2,us-west-2
35.50.226.0/24,ap-northeast-1,EC2,ap-northeast-1
35.55.2.0/24,ap-northeast-1,EC2,ap-northeast-1
52.94.249.80/28,us-west-1,EC2,us-west-1
64.252.74.0/24,us-east-2,EC2,us-east-2
99.77.183.0/24,us-gov-east-1,EC2,us-gov-east-1
15.193.176.0/22,ap-northeast-2,EC2,ap-northeast-2
64.252.79.0/24,sa-east-1,EC2,sa-east-1
15.188.0.0/16,eu-west-3,EC2,eu-west-3
18.116.0.0/14,us-east-2,EC2,us-east-2
54.200.0.0/15,us-west-2,EC2,us-west-2
83.119.64.0/18,eu-west-2,EC2,eu-west-2
3.5.36.0/22,ap-southeast-3,EC2,ap-southeast-3
18.99.128.0/20,ca-west-1,EC2,ca-west-1
99.77.238.0/24,ap-south-1,EC2,ap-south-1
35.50.239.0/24,ap-northeast-2,EC2,ap-northeast-2
35.55.15.0/24,ap-south-1,EC2,ap-south-1
54.144.0.0/14,us-east-1,EC2,us-east-1
54.169.0.0/16,ap-southeast-1,EC2,ap-southeast-1
56.69.0.0/16,ap-southeast-5,EC2,ap-southeast-5
63.246.113.0/24,eu-west-1,EC2,eu-west-1
99.77.136.0/24,eu-central-1,EC2,eu-central-1
35.50.133.0/24,us-west-2,EC2,us-west-2
35.71.94.0/24,eusc-de-east-1,EC2,eusc-de-east-1
35.71.118.0/24,ap-southeast-1,EC2,ap-southeast-1
35.96.26.0/23,us-east-2,EC2,us-east-2
64.252.72.0/24,us-west-2,EC2,us-west-2
35.96.18.0/23,eu-central-1,EC2,eu-central-1
99.77.148.0/24,af-south-1,EC2,af-south-1
139.56.32.0/23,us-west-2,EC2,us-west-2-wl1-lax-wlz-1
13.192.0.0/16,ap-northeast-1,EC2,ap-northeast-1
52.95.240.0/24,sa-east-1,EC2,sa-east-1
75.101.128.0/17,us-east-1,EC2,us-east-1
96.0.16.0/21,us-east-1,EC2,us-east-1-lim-1
99.77.55.3/32,eu-south-2,EC2,eu-south-2
1.178.6.0/24,us-east-1,EC2,us-east-1
1.178.65.0/24,us-west-2,EC2,us-west-2
3.4.3.0/24,us-west-2,EC2,us-west-2
15.222.0.0/15,ca-central-1,EC2,ca-central-1
35.96.252.0/24,ca-central-1,EC2,ca-central-1
69.235.128.0/18,cn-northwest-1,EC2,cn-northwest-1
99.77.240.0/24,ap-southeast-1,EC2,ap-southeast-1
155.146.192.0/20,us-east-1,EC2,us-east-1-wl1-tpa-wlz-1
198.41.96.0/24,us-east-1,EC2,us-east-1
204.236.128.0/18,us-west-1,EC2,us-west-1
1.178.7.0/24,eu-west-1,EC2,eu-west-1
3.5.208.0/22,ap-south-1,EC2,ap-south-1
15.177.76.0/24,ap-northeast-2,EC2,ap-northeast-2
15.177.105.0/24,ap-southeast-6,EC2,ap-southeast-6
35.55.30.0/24,us-east-1,EC2,us-east-1
52.30.0.0/15,eu-west-1,EC2,eu-west-1
52.94.249.64/28,us-west-2,EC2,us-west-2
54.92.0.0/17,ap-northeast-1,EC2,ap-northeast-1
54.154.0.0/16,eu-west-1,EC2,eu-west-1
64.252.76.0/24,us-east-2,EC2,us-east-2
67.202.0.0/18,us-east-1,EC2,us-east-1
99.77.251.0/24,us-west-1,EC2,us-west-1
3.30.0.0/15,us-gov-west-1,EC2,us-gov-west-1
15.181.253.0/24,us-west-2,EC2,us-west-2-sea-1
18.34.0.0/19,us-east-1,EC2,us-east-1
35.71.119.0/24,ca-central-1,EC2,ca-central-1
54.226.0.0/15,us-east-1,EC2,us-east-1
99.77.55.38/32,eu-south-2,EC2,eu-south-2
161.188.120.0/22,us-east-1,EC2,us-east-1
162.250.237.0/24,us-east-1,EC2,us-east-1
3.112.0.0/14,ap-northeast-1,EC2,ap-northeast-1
3.144.0.0/13,us-east-2,EC2,us-east-2
15.220.168.0/21,eu-north-1,EC2,eu-north-1-hel-1
52.95.244.0/24,eu-west-1,EC2,eu-west-1
64.187.128.0/20,us-east-1,EC2,us-east-1-mia-1
64.252.111.0/24,ap-northeast-1,EC2,ap-northeast-1
18.231.0.0/16,sa-east-1,EC2,sa-east-1
54.252.0.0/16,ap-southeast-2,EC2,ap-southeast-2
64.252.125.0/24,us-east-1,EC2,us-east-1
1.178.10.0/24,eu-central-1,EC2,eu-central-1
3.224.0.0/12,us-east-1,EC2,us-east-1
15.193.160.0/22,ap-southeast-1,EC2,ap-southeast-1
35.50.227.0/24,ap-northeast-1,EC2,ap-northeast-1
35.50.233.0/24,ap-south-1,EC2,ap-south-1
35.71.104.0/24,me-central-1,EC2,me-central-1
35.71.117.0/24,us-west-1,EC2,us-west-1
54.221.0.0/16,us-east-1,EC2,us-east-1
54.255.0.0/16,ap-southeast-1,EC2,ap-southeast-1
56.136.0.0/16,us-gov-west-1,EC2,us-gov-west-1
64.252.126.0/24,eu-west-3,EC2,eu-west-3
15.177.102.0/24,mx-central-1,EC2,mx-central-1
15.193.128.0/22,us-east-1,EC2,us-east-1
35.50.132.0/24,us-west-2,EC2,us-west-2
15.228.0.0/15,sa-east-1,EC2,sa-east-1
51.44.0.0/16,eu-west-3,EC2,eu-west-3
157.241.0.0/16,me-south-1,EC2,me-south-1
15.181.112.0/22,us-east-1,EC2,us-east-1-bos-1
52.94.249.208/28,ap-south-2,EC2,ap-south-2
54.222.100.0/22,cn-north-1,EC2,cn-north-1
54.233.0.0/18,sa-east-1,EC2,sa-east-1
68.66.112.0/20,us-east-1,EC2,us-east-1-bos-1
69.231.128.0/18,cn-northwest-1,EC2,cn-northwest-1
99.77.248.0/24,eu-west-3,EC2,eu-west-3
99.151.120.0/21,us-west-1,EC2,us-west-1
108.136.0.0/15,ap-southeast-3,EC2,ap-southeast-3
15.145.2.0/23,eu-central-1,EC2,eu-central-1-wl1-muc-wlz-1
18.34.72.0/21,us-east-2,EC2,us-east-2
35.55.14.0/24,ap-south-1,EC2,ap-south-1
35.176.0.0/15,eu-west-2,EC2,eu-west-2
70.224.192.0/18,us-west-2,EC2,us-west-2-lax-1
99.77.153.0/24,us-east-2,EC2,us-east-2
99.77.155.0/24,eu-west-1,EC2,eu-west-1
151.148.39.0/24,ap-southeast-2,EC2,ap-southeast-2
51.20.0.0/16,eu-north-1,EC2,eu-north-1
52.95.255.32/28,ap-southeast-1,EC2,ap-southeast-1
56.125.0.0/16,sa-east-1,EC2,sa-east-1
69.230.192.0/18,cn-northwest-1,EC2,cn-northwest-1
160.1.0.0/16,us-gov-west-1,EC2,us-gov-west-1
3.5.128.0/22,us-east-2,EC2,us-east-2
15.181.241.0/24,us-east-1,EC2,us-east-1-dfw-1
18.216.0.0/14,us-east-2,EC2,us-east-2
34.192.0.0/12,us-east-1,EC2,us-east-1
3.104.0.0/14,ap-southeast-2,EC2,ap-southeast-2
13.216.0.0/13,us-east-1,EC2,us-east-1
15.177.99.0/24,il-central-1,EC2,il-central-1
15.193.5.0/24,eu-west-2,EC2,eu-west-2
15.220.32.0/21,us-west-2,EC2,us-west-2-phx-1
51.24.0.0/16,eu-west-2,EC2,eu-west-2
52.80.0.0/16,cn-north-1,EC2,cn-north-1
52.94.250.16/28,ap-southeast-4,EC2,ap-southeast-4
64.252.121.0/24,us-west-1,EC2,us-west-1
99.150.32.0/21,ap-southeast-2,EC2,ap-southeast-2
175.41.128.0/18,ap-southeast-1,EC2,ap-southeast-1
3.5.196.0/22,ap-east-2,EC2,ap-east-2
35.50.236.0/24,ap-southeast-1,EC2,ap-southeast-1
35.96.1.0/24,us-west-2,EC2,us-west-2
35.96.41.0/24,eu-central-2,EC2,eu-central-2
64.252.68.0/24,us-east-1,EC2,us-east-1
18.96.64.0/19,sa-east-1,EC2,sa-east-1
18.229.0.0/16,sa-east-1,EC2,sa-east-1
35.50.208.0/24,me-south-1,EC2,me-south-1
54.219.0.0/16,us-west-1,EC2,us-west-1
3.32.0.0/16,us-gov-west-1,EC2,us-gov-west-1
35.182.0.0/15,ca-central-1,EC2,ca-central-1
63.180.0.0/14,eu-central-1,EC2,eu-central-1
70.232.124.0/22,eu-west-1,EC2,eu-west-1
99.77.191.0/24,us-east-1,EC2,us-east-1
3.5.72.0/23,eu-west-1,EC2,eu-west-1
13.152.0.0/16,me-south-1,EC2,me-south-1
13.250.0.0/15,ap-southeast-1,EC2,ap-southeast-1
18.96.128.0/19,us-west-1,EC2,us-west-1
44.192.0.0/11,us-east-1,EC2,us-east-1
99.77.55.51/32,eu-south-2,EC2,eu-south-2
216.39.160.0/21,ap-northeast-1,EC2,ap-northeast-1
35.55.6.0/24,ap-northeast-2,EC2,ap-northeast-2
64.252.102.0/24,ap-southeast-1,EC2,ap-southeast-1
64.252.108.0/24,ap-southeast-2,EC2,ap-southeast-2
99.77.55.43/32,eu-south-2,EC2,eu-south-2
99.77.156.0/24,eu-west-2,EC2,eu-west-2
99.77.233.0/24,ca-central-1,EC2,ca-central-1
3.4.9.0/24,us-east-1,EC2,us-east-1
18.97.64.0/20,ap-southeast-5,EC2,ap-southeast-5
15.168.0.0/16,ap-northeast-3,EC2,ap-northeast-3
35.50.213.0/24,me-south-1,EC2,me-south-1
99.77.55.24/32,eu-south-2,EC2,eu-south-2
99.77.138.0/24,eu-south-1,EC2,eu-south-1
162.250.238.0/23,us-east-1,EC2,us-east-1
3.5.152.0/21,ap-northeast-1,EC2,ap-northeast-1
18.224.0.0/14,us-east-2,EC2,us-east-2
51.45.0.0/16,eu-west-3,EC2,eu-west-3
52.56.0.0/16,eu-west-2,EC2,eu-west-2
54.245.0.0/16,us-west-2,EC2,us-west-2
159.248.216.0/21,ap-northeast-2,EC2,ap-northeast-2
182.30.0.0/16,us-gov-east-1,EC2,us-gov-east-1
198.41.107.0/24,us-west-2,EC2,us-west-2-phx-2
216.244.6.0/24,ap-east-1,EC2,ap-east-1
16.15.192.0/18,us-east-1,EC2,us-east-1
16.57.0.0/18,ap-southeast-1,EC2,ap-southeast-1-sggov-sin-2
18.230.0.0/16,sa-east-1,EC2,sa-east-1
40.176.0.0/15,ca-west-1,EC2,ca-west-1
52.58.0.0/15,eu-central-1,EC2,eu-central-1
70.232.86.125/32,ap-southeast-4,EC2,ap-southeast-4
136.18.138.0/23,us-east-1,EC2,us-east-1
99.77.152.0/24,us-west-2,EC2,us-west-2
159.248.232.0/21,GLOBAL,EC2,GLOBAL
3.131.0.0/16,us-east-2,EC2,us-east-2
15.220.80.0/20,ap-northeast-1,EC2,ap-northeast-1-tpe-1
35.96.7.0/24,us-west-2,EC2,us-west-2
35.96.34.0/24,eu-west-1,EC2,eu-west-1
99.77.55.32/32,eu-south-2,EC2,eu-south-2
99.77.235.0/24,af-south-1,EC2,af-south-1
3.96.0.0/15,ca-central-1,EC2,ca-central-1
15.220.48.0/21,eu-central-1,EC2,eu-central-1-waw-1
54.216.0.0/15,eu-west-1,EC2,eu-west-1
155.146.128.0/20,us-west-2,EC2,us-west-2-wl1-sea-wlz-1
168.185.5.0/24,us-east-1,EC2,us-east-1
3.5.252.0/22,ca-central-1,EC2,ca-central-1
15.193.164.0/22,ap-southeast-2,EC2,ap-southeast-2
15.220.232.0/24,ap-south-1,EC2,ap-south-1-ccu-2
23.20.0.0/14,us-east-1,EC2,us-east-1
52.94.248.80/28,ap-northeast-1,EC2,ap-northeast-1
64.252.64.0/24,us-east-1,EC2,us-east-1
99.77.55.26/32,eu-south-2,EC2,eu-south-2
99.77.55.34/32,eu-south-2,EC2,eu-south-2
99.77.143.0/24,ap-southeast-1,EC2,ap-southeast-1
3.4.1.0/24,us-east-1,EC2,us-east-1
13.56.0.0/16,us-west-1,EC2,us-west-1
15.220.184.0/21,us-east-1,EC2,us-east-1-qro-1
18.184.0.0/15,eu-central-1,EC2,eu-central-1
35.55.26.0/24,sa-east-1,EC2,sa-east-1
35.160.0.0/13,us-west-2,EC2,us-west-2
52.48.0.0/14,eu-west-1,EC2,eu-west-1
99.77.137.0/24,eu-north-1,EC2,eu-north-1
13.112.0.0/14,ap-northeast-1,EC2,ap-northeast-1
15.181.144.0/20,us-east-1,EC2,us-east-1-phl-1
35.71.96.0/24,ap-southeast-3,EC2,ap-southeast-3
43.200.0.0/14,ap-northeast-2,EC2,ap-northeast-2
52.68.0.0/15,ap-northeast-1,EC2,ap-northeast-1
54.67.0.0/16,us-west-1,EC2,us-west-1
208.78.135.0/24,eu-west-2,EC2,eu-west-2
15.181.254.0/24,us-east-1,EC2,us-east-1-mia-1
18.60.0.0/15,ap-south-2,EC2,ap-south-2
52.57.0.0/16,eu-central-1,EC2,eu-central-1
99.151.80.0/21,eu-central-2,EC2,eu-central-2
3.36.0.0/14,ap-northeast-2,EC2,ap-northeast-2
35.71.123.0/24,ca-west-1,EC2,ca-west-1
35.96.254.0/24,us-east-2,EC2,us-east-2
54.112.0.0/18,us-east-1,EC2,us-east-1
54.116.0.0/15,ap-northeast-2,EC2,ap-northeast-2
18.190.0.0/16,us-east-2,EC2,us-east-2
52.82.168.0/24,cn-northwest-1,EC2,cn-northwest-1
155.146.0.0/20,us-east-1,EC2,us-east-1-wl1-bos-wlz-1
155.146.112.0/20,us-west-2,EC2,us-west-2-wl1-las-wlz-1
162.213.232.0/24,eu-west-1,EC2,eu-west-1
35.96.12.0/24,eu-central-1,EC2,eu-central-1
99.151.190.0/23,us-east-1,EC2,us-east-1
16.15.20.0/22,eu-central-1,EC2,eu-central-1
18.98.0.0/18,us-west-2,EC2,us-west-2
35.71.72.0/22,eu-west-1,EC2,eu-west-1
52.95.227.0/24,eu-north-1,EC2,eu-north-1
54.68.0.0/14,us-west-2,EC2,us-west-2
54.93.0.0/16,eu-central-1,EC2,eu-central-1
56.112.0.0/16,ca-west-1,EC2,ca-west-1
192.43.184.0/24,us-east-2,EC2,us-east-2
13.50.0.0/16,eu-north-1,EC2,eu-north-1
35.96.128.0/20,ap-southeast-2,EC2,ap-southeast-2
52.44.0.0/15,us-east-1,EC2,us-east-1
52.76.128.0/17,ap-southeast-1,EC2,ap-southeast-1
54.95.0.0/16,ap-northeast-1,EC2,ap-northeast-1
54.212.0.0/15,us-west-2,EC2,us-west-2
3.5.228.0/22,af-south-1,EC2,af-south-1
15.181.176.0/20,us-east-1,EC2,us-east-1-chi-1
15.220.202.0/23,us-west-2,EC2,us-west-2-pdx-1
35.50.129.0/24,us-west-2,EC2,us-west-2
35.55.3.0/24,ap-northeast-1,EC2,ap-northeast-1
75.3.128.0/18,us-east-2,EC2,us-east-2
96.0.0.0/21,ap-southeast-2,EC2,ap-southeast-2-per-1
151.148.37.0/24,ap-northeast-1,EC2,ap-northeast-1
3.124.0.0/14,eu-central-1,EC2,eu-central-1
13.144.0.0/16,ap-southeast-1,EC2,ap-southeast-1
15.181.48.0/20,us-east-1,EC2,us-east-1-msp-1
51.0.128.0/21,eusc-de-east-1,EC2,eusc-de-east-1
52.82.176.0/22,cn-northwest-1,EC2,cn-northwest-1
54.183.0.0/16,us-west-1,EC2,us-west-1
3.24.0.0/14,ap-southeast-2,EC2,ap-southeast-2
35.96.39.0/24,ap-southeast-2,EC2,ap-southeast-2
96.0.131.0/24,us-east-1,EC2,us-east-1-scl-1
151.148.41.0/24,eu-west-2,EC2,eu-west-2
192.157.36.0/24,us-east-1,EC2,us-east-1
15.193.6.0/24,us-east-1,EC2,us-east-1
35.50.210.0/24,me-south-1,EC2,me-south-1
35.71.113.0/24,eu-south-1,EC2,eu-south-1
64.252.103.0/24,ap-southeast-1,EC2,ap-southeast-1
13.62.0.0/15,eu-north-1,EC2,eu-north-1
15.177.86.0/24,ap-east-1,EC2,ap-east-1
16.52.0.0/16,ca-central-1,EC2,ca-central-1
18.144.0.0/15,us-west-1,EC2,us-west-1
35.96.96.0/20,eu-central-1,EC2,eu-central-1
52.90.0.0/15,us-east-1,EC2,us-east-1
52.94.144.0/23,us-west-1,EC2,us-west-1
139.56.20.0/23,us-east-1,EC2,us-east-1-wl1-tpa-wlz-1
15.220.64.0/20,eu-central-1,EC2,eu-central-1-waw-1
15.220.176.0/21,us-east-1,EC2,us-east-1-qro-1
52.0.0.0/15,us-east-1,EC2,us-east-1
52.82.184.0/23,cn-northwest-1,EC2,cn-northwest-1
52.95.253.0/24,eu-west-2,EC2,eu-west-2
99.77.55.33/32,eu-south-2,EC2,eu-south-2
140.179.0.0/16,cn-north-1,EC2,cn-north-1
208.110.48.0/20,us-east-1,EC2,us-east-1
15.216.0.0/16,eu-south-2,EC2,eu-south-2
52.95.255.128/28,eu-central-1,EC2,eu-central-1
52.208.0.0/13,eu-west-1,EC2,eu-west-1
99.77.234.0/24,sa-east-1,EC2,sa-east-1
151.148.36.0/24,us-east-1,EC2,us-east-1
15.177.95.0/24,ap-southeast-5,EC2,ap-southeast-5
16.62.0.0/15,eu-central-2,EC2,eu-central-2
18.96.16.0/20,ap-northeast-3,EC2,ap-northeast-3
18.97.96.0/20,mx-central-1,EC2,mx-central-1
35.55.13.0/24,ap-south-1,EC2,ap-south-1
52.54.0.0/15,us-east-1,EC2,us-east-1
52.95.230.0/24,us-west-2,EC2,us-west-2-lax-1
83.119.128.0/18,eu-central-1,EC2,eu-central-1
3.5.48.0/22,me-central-1,EC2,me-central-1
15.220.152.0/21,eu-central-1,EC2,eu-central-1-ham-1
16.56.64.0/18,us-east-1,EC2,us-east-1
51.21.0.0/16,eu-north-1,EC2,eu-north-1
51.112.0.0/16,me-central-1,EC2,me-central-1
52.74.0.0/16,ap-southeast-1,EC2,ap-southeast-1
54.168.0.0/16,ap-northeast-1,EC2,ap-northeast-1
136.18.160.0/23,us-east-1,EC2,us-east-1
15.177.89.0/24,eu-west-1,EC2,eu-west-1
18.156.0.0/14,eu-central-1,EC2,eu-central-1
52.82.170.0/24,cn-northwest-1,EC2,cn-northwest-1
64.252.113.0/24,ap-northeast-1,EC2,ap-northeast-1
79.125.0.0/17,eu-west-1,EC2,eu-west-1
99.77.134.0/24,eu-west-2,EC2,eu-west-2
13.214.0.0/15,ap-southeast-1,EC2,ap-southeast-1
15.177.77.0/24,ap-northeast-3,EC2,ap-northeast-3
15.177.90.0/24,eu-south-1,EC2,eu-south-1
16.15.8.0/22,ap-southeast-6,EC2,ap-southeast-6
16.26.0.0/16,ap-southeast-4,EC2,ap-southeast-4
43.216.0.0/15,ap-southeast-5,EC2,ap-southeast-5
54.180.0.0/15,ap-northeast-2,EC2,ap-northeast-2
56.124.0.0/17,sa-east-1,EC2,sa-east-1
99.77.253.0/24,us-west-2,EC2,us-west-2
99.78.238.255/32,ap-southeast-3,EC2,ap-southeast-3
3.4.6.0/24,us-west-2,EC2,us-west-2
15.177.79.0/24,ap-northeast-1,EC2,ap-northeast-1
15.220.208.128/26,us-west-2,EC2,us-west-2-las-1b
35.50.231.0/24,ap-south-1,EC2,ap-south-1
54.64.0.0/15,ap-northeast-1,EC2,ap-northeast-1
176.34.0.0/19,ap-northeast-1,EC2,ap-northeast-1
35.71.120.0/24,eu-south-2,EC2,eu-south-2
35.80.0.0/12,us-west-2,EC2,us-west-2
99.77.147.0/24,me-south-1,EC2,me-south-1
99.77.236.0/24,me-south-1,EC2,me-south-1
173.83.217.0/24,ca-central-1,EC2,ca-central-1
3.4.10.0/24,us-east-1,EC2,us-east-1
3.5.214.0/23,ap-east-1,EC2,ap-east-1
15.193.168.0/22,ap-south-2,EC2,ap-south-2
15.220.144.0/23,eu-central-1,EC2,eu-central-1-ham-1
54.223.0.0/16,cn-north-1,EC2,cn-north-1
99.77.129.0/24,us-east-1,EC2,us-east-1
108.175.60.0/22,us-gov-east-1,EC2,us-gov-east-1
15.220.200.0/23,us-west-2,EC2,us-west-2-las-1b
18.96.0.0/24,us-east-1,EC2,us-east-1
43.204.0.0/15,ap-south-1,EC2,ap-south-1
46.51.224.0/19,ap-northeast-1,EC2,ap-northeast-1
54.179.0.0/16,ap-southeast-1,EC2,ap-southeast-1
99.77.55.254/32,eu-south-2,EC2,eu-south-2
139.56.24.0/23,us-east-1,EC2,us-east-1-wl1-msp-wlz-1
43.220.0.0/16,ap-southeast-2,EC2,ap-southeast-2
54.170.0.0/15,eu-west-1,EC2,eu-west-1
142.4.179.0/24,ap-south-1,EC2,ap-south-1
151.148.33.0/24,us-west-2,EC2,us-west-2
216.244.2.0/24,us-west-2,EC2,us-west-2-lax-1
3.5.164.0/22,ap-southeast-2,EC2,ap-southeast-2
18.96.96.0/19,me-central-1,EC2,me-central-1
35.50.134.0/24,us-west-2,EC2,us-west-2
35.71.98.0/24,eu-north-1,EC2,eu-north-1
35.96.43.0/24,sa-east-1,EC2,sa-east-1
99.77.131.0/24,us-east-2,EC2,us-east-2
173.83.211.0/24,ap-south-1,EC2,ap-south-1
3.5.240.0/22,ap-northeast-3,EC2,ap-northeast-3
35.71.112.0/24,ap-southeast-4,EC2,ap-southeast-4
35.153.0.0/16,us-east-1,EC2,us-east-1
52.61.0.0/16,us-gov-west-1,EC2,us-gov-west-1
52.79.0.0/16,ap-northeast-2,EC2,ap-northeast-2
99.77.55.54/32,eu-south-2,EC2,eu-south-2
99.150.48.0/21,ap-northeast-1,EC2,ap-northeast-1
159.248.200.0/21,ap-northeast-2,EC2,ap-northeast-2
5.179.96.0/20,us-east-1,EC2,us-east-1
15.193.140.0/22,eu-west-1,EC2,eu-west-1
136.18.140.0/23,ap-southeast-1,EC2,ap-southeast-1
161.188.127.0/24,us-east-1,EC2,us-east-1-wl1-was-wlz-1
3.5.184.0/21,ap-northeast-2,EC2,ap-northeast-2
15.220.228.0/22,ap-south-1,EC2,ap-south-1-ccu-2
35.50.176.0/24,sa-east-1,EC2,sa-east-1
52.12.0.0/15,us-west-2,EC2,us-west-2
52.220.0.0/15,ap-southeast-1,EC2,ap-southeast-1
99.78.238.253/32,ap-southeast-3,EC2,ap-southeast-3
162.250.236.0/24,us-east-1,EC2,us-east-1
3.4.8.0/24,GLOBAL,EC2,GLOBAL
15.217.0.0/16,eu-south-2,EC2,eu-south-2
18.96.1.0/24,us-east-1,EC2,us-east-1
18.98.96.0/19,ap-southeast-3,EC2,ap-southeast-3
18.163.0.0/16,ap-east-1,EC2,ap-east-1
54.199.0.0/16,ap-northeast-1,EC2,ap-northeast-1
18.142.0.0/15,ap-southeast-1,EC2,ap-southeast-1
46.137.192.0/19,ap-southeast-1,EC2,ap-southeast-1
52.200.0.0/13,us-east-1,EC2,us-east-1
54.222.32.0/22,cn-north-1,EC2,cn-north-1
64.252.123.0/24,us-west-1,EC2,us-west-1
96.0.180.0/22,ap-southeast-1,EC2,ap-southeast-1-sggov-sin-1b
99.77.55.25/32,eu-south-2,EC2,eu-south-2
99.151.112.0/21,sa-east-1,EC2,sa-east-1
34.224.0.0/12,us-east-1,EC2,us-east-1
52.75.0.0/16,us-west-2,EC2,us-west-2
96.0.88.0/22,us-east-1,EC2,us-east-1-chi-1
96.0.184.0/22,ap-southeast-2,EC2,ap-southeast-2-per-1
99.77.55.37/32,eu-south-2,EC2,eu-south-2
99.77.55.40/32,eu-south-2,EC2,eu-south-2
3.5.180.0/22,ap-southeast-5,EC2,ap-southeast-5
136.18.50.0/23,us-east-1,EC2,us-east-1
3.5.204.0/22,eu-west-3,EC2,eu-west-3
13.130.0.0/16,us-east-1,EC2,us-east-1
15.177.66.0/23,us-east-2,EC2,us-east-2
16.65.0.0/16,us-gov-east-1,EC2,us-gov-east-1
18.97.80.0/20,ap-southeast-7,EC2,ap-southeast-7
52.94.248.224/28,us-gov-west-1,EC2,us-gov-west-1
52.95.255.48/28,ap-northeast-1,EC2,ap-northeast-1
54.218.0.0/16,us-west-2,EC2,us-west-2
198.41.102.0/24,us-east-1,EC2,us-east-1-nyc-2
3.5.76.0/22,us-west-2,EC2,us-west-2
16.168.0.0/15,eu-north-1,EC2,eu-north-1
16.176.0.0/16,ap-southeast-2,EC2,ap-southeast-2
35.55.12.0/24,ap-southeast-2,EC2,ap-southeast-2
35.96.22.0/23,ca-central-1,EC2,ca-central-1
35.96.48.0/20,eu-central-1,EC2,eu-central-1
64.252.78.0/24,sa-east-1,EC2,sa-east-1
96.0.144.0/21,ap-southeast-1,EC2,ap-southeast-1-mnl-1
99.78.238.251/32,ap-southeast-3,EC2,ap-southeast-3
15.177.104.0/24,ap-east-2,EC2,ap-east-2
15.181.0.0/20,us-west-2,EC2,us-west-2-sea-1
16.209.0.0/16,ap-northeast-3,EC2,ap-northeast-3
18.98.160.0/19,eu-west-2,EC2,eu-west-2
54.25.14.0/24,us-east-1,EC2,us-east-1
64.252.117.0/24,eu-west-1,EC2,eu-west-1
99.77.55.47/32,eu-south-2,EC2,eu-south-2
99.151.104.0/21,ap-southeast-1,EC2,ap-southeast-1
99.151.128.0/21,ca-central-1,EC2,ca-central-1
35.71.102.0/24,us-east-2,EC2,us-east-2
99.80.0.0/15,eu-west-1,EC2,eu-west-1
139.56.28.0/23,us-east-1,EC2,us-east-1-wl1-bna-wlz-1
3.5.44.0/22,ap-south-2,EC2,ap-south-2
35.71.127.0/24,ap-east-2,EC2,ap-east-2
35.96.4.0/24,us-west-2,EC2,us-west-2
139.56.26.0/23,us-east-1,EC2,us-east-1-wl1-iah-wlz-1
155.146.160.0/20,us-west-2,EC2,us-west-2-wl1-phx-wlz-1
52.95.249.0/24,ap-south-1,EC2,ap-south-1
54.244.0.0/16,us-west-2,EC2,us-west-2
64.252.87.0/24,eu-central-1,EC2,eu-central-1
96.0.100.0/23,us-east-1,EC2,us-east-1-mia-1
161.188.16.0/20,us-east-1,EC2,us-east-1-wl1-dtw-wlz-1
35.55.34.0/24,us-east-2,EC2,us-east-2
46.137.224.0/19,ap-southeast-1,EC2,ap-southeast-1
65.0.0.0/14,ap-south-1,EC2,ap-south-1
99.150.80.0/21,eu-south-1,EC2,eu-south-1
198.41.98.0/24,us-east-1,EC2,us-east-1-chi-2
35.96.253.0/24,us-east-1,EC2,us-east-1
51.96.0.0/16,eu-central-2,EC2,eu-central-2
63.246.112.0/24,eu-north-1,EC2,eu-north-1
63.246.119.0/24,us-east-1,EC2,us-east-1
155.146.208.0/20,us-east-1,EC2,us-east-1-wl1-clt-wlz-1
35.96.6.0/24,us-west-2,EC2,us-west-2
35.96.35.0/24,eu-west-3,EC2,eu-west-3
50.19.0.0/16,us-east-1,EC2,us-east-1
99.79.0.0/16,ca-central-1,EC2,ca-central-1
173.83.214.0/24,eu-west-1,EC2,eu-west-1
44.224.0.0/11,us-west-2,EC2,us-west-2
52.81.0.0/16,cn-north-1,EC2,cn-north-1
136.18.130.0/23,us-east-1,EC2,us-east-1
173.83.210.0/24,ap-northeast-1,EC2,ap-northeast-1
15.193.132.0/22,us-west-1,EC2,us-west-1
52.94.250.80/28,ap-southeast-5,EC2,ap-southeast-5
3.2.3.0/24,us-east-1,EC2,us-east-1-bos-1
35.55.38.0/24,us-west-2,EC2,us-west-2
206.72.209.0/24,us-east-1,EC2,us-east-1
35.50.177.0/24,sa-east-1,EC2,sa-east-1
35.71.103.0/24,af-south-1,EC2,af-south-1
64.252.73.0/24,us-west-2,EC2,us-west-2
99.151.72.0/21,ap-southeast-4,EC2,ap-southeast-4
161.188.80.0/20,us-east-1,EC2,us-east-1
174.129.0.0/16,us-east-1,EC2,us-east-1
18.89.128.0/18,us-east-1,EC2,us-east-1-iah-2
35.71.110.0/24,ap-northeast-3,EC2,ap-northeast-3
52.94.250.160/28,me-west-1,EC2,me-west-1
52.95.255.80/28,us-east-1,EC2,us-east-1
64.252.101.0/24,ap-south-1,EC2,ap-south-1
18.99.224.0/20,me-south-1,EC2,me-south-1
35.50.130.0/24,us-west-2,EC2,us-west-2
35.96.80.0/20,eu-west-2,EC2,eu-west-2
43.194.0.0/20,cn-northwest-1,EC2,cn-northwest-1
52.95.255.112/28,us-west-2,EC2,us-west-2
96.0.12.0/22,us-east-1,EC2,us-east-1-lim-1
1.178.64.0/24,ap-northeast-1,EC2,ap-northeast-1
15.181.224.0/21,us-east-1,EC2,us-east-1-dfw-1
15.220.227.0/24,ap-south-1,EC2,ap-south-1-del-2
18.208.0.0/13,us-east-1,EC2,us-east-1
35.96.38.0/24,ap-northeast-1,EC2,ap-northeast-1
52.95.245.0/24,us-east-1,EC2,us-east-1
99.77.142.0/24,ap-east-1,EC2,ap-east-1
99.77.187.0/24,us-east-1,EC2,us-east-1
15.177.73.0/24,ap-south-1,EC2,ap-south-1
46.51.216.0/21,ap-southeast-1,EC2,ap-southeast-1
99.77.55.44/32,eu-south-2,EC2,eu-south-2
136.18.132.0/23,us-east-1,EC2,us-east-1
159.248.240.0/21,GLOBAL,EC2,GLOBAL
3.5.64.0/21,eu-west-1,EC2,eu-west-1
15.145.0.0/23,eu-central-1,EC2,eu-central-1-wl1-dtm-wlz-1
35.71.126.0/24,ap-southeast-7,EC2,ap-southeast-7
35.96.8.0/24,us-west-2,EC2,us-west-2
35.96.246.0/24,us-east-2,EC2,us-east-2
52.94.248.32/28,ap-southeast-1,EC2,ap-southeast-1
54.220.0.0/16,eu-west-1,EC2,eu-west-1
100.20.0.0/14,us-west-2,EC2,us-west-2
173.83.213.0/24,sa-east-1,EC2,sa-east-1
15.177.103.0/24,ap-southeast-7,EC2,ap-southeast-7
51.224.0.0/15,eusc-de-east-1,EC2,eusc-de-east-1
52.94.248.160/28,us-east-2,EC2,us-east-2
54.151.0.0/17,us-west-1,EC2,us-west-1
56.127.0.0/16,sa-east-1,EC2,sa-east-1
98.88.0.0/13,us-east-1,EC2,us-east-1
15.161.0.0/16,eu-south-1,EC2,eu-south-1
54.222.52.0/22,cn-north-1,EC2,cn-north-1
64.252.110.0/24,ap-northeast-1,EC2,ap-northeast-1
99.77.158.0/24,eu-central-1,EC2,eu-central-1
99.77.241.0/24,ap-east-1,EC2,ap-east-1
18.99.240.0/20,us-gov-west-1,EC2,us-gov-west-1
18.188.0.0/16,us-east-2,EC2,us-east-2
18.252.0.0/16,us-gov-east-1,EC2,us-gov-east-1
35.55.1.0/24,ap-northeast-1,EC2,ap-northeast-1
35.96.36.0/24,eu-south-1,EC2,eu-south-1
46.51.128.0/18,eu-west-1,EC2,eu-west-1
64.252.107.0/24,ap-southeast-2,EC2,ap-southeast-2
13.232.0.0/14,ap-south-1,EC2,ap-south-1
15.220.0.0/20,us-west-2,EC2,us-west-2-pdx-1
23.254.24.0/23,us-west-2,EC2,us-west-2
51.0.252.0/24,eusc-de-east-1,EC2,eusc-de-east-1
52.95.243.0/24,ap-northeast-1,EC2,ap-northeast-1
3.5.132.0/23,us-east-2,EC2,us-east-2
13.53.0.0/16,eu-north-1,EC2,eu-north-1
15.177.88.0/24,sa-east-1,EC2,sa-east-1
15.184.0.0/16,me-south-1,EC2,me-south-1
15.220.56.0/21,ap-northeast-1,EC2,ap-northeast-1-tpe-1
75.2.128.0/18,us-east-1,EC2,us-east-1
184.72.128.0/17,us-east-1,EC2,us-east-1
13.146.0.0/16,ap-southeast-2,EC2,ap-southeast-2
13.158.0.0/15,ap-northeast-1,EC2,ap-northeast-1
15.220.16.0/20,us-west-2,EC2,us-west-2-las-1
192.31.213.0/24,ap-northeast-3,EC2,ap-northeast-3
13.51.0.0/16,eu-north-1,EC2,eu-north-1
18.97.128.0/18,us-east-2,EC2,us-east-2
56.126.0.0/16,sa-east-1,EC2,sa-east-1
96.0.8.0/22,ap-southeast-2,EC2,ap-southeast-2-per-1
18.99.0.0/19,ca-central-1,EC2,ca-central-1
35.55.8.0/24,ap-southeast-1,EC2,ap-southeast-1
35.181.0.0/16,eu-west-3,EC2,eu-west-3
54.80.0.0/13,us-east-1,EC2,us-east-1
54.214.0.0/16,us-west-2,EC2,us-west-2
54.254.0.0/16,ap-southeast-1,EC2,ap-southeast-1
40.192.0.0/17,ap-south-2,EC2,ap-south-2
52.20.0.0/14,us-east-1,EC2,us-east-1
52.94.201.0/26,us-east-1,EC2,us-east-1
52.94.248.208/28,ca-central-1,EC2,ca-central-1
99.77.162.0/24,us-east-2,EC2,us-east-2
139.56.18.0/23,us-east-1,EC2,us-east-1-wl1-chi-wlz-1
13.244.0.0/15,af-south-1,EC2,af-south-1
16.184.0.0/18,ap-northeast-2,EC2,ap-northeast-2
52.94.248.48/28,sa-east-1,EC2,sa-east-1
54.242.0.0/15,us-east-1,EC2,us-east-1
99.77.252.0/24,us-east-2,EC2,us-east-2
99.151.88.0/21,eu-west-1,EC2,eu-west-1
139.56.34.0/24,us-east-1,EC2,us-east-1-wl1-was-wlz-1
216.182.238.0/23,us-east-1,EC2,us-east-1
3.5.168.0/23,ap-southeast-2,EC2,ap-southeast-2
18.168.0.0/14,eu-west-2,EC2,eu-west-2
34.208.0.0/12,us-west-2,EC2,us-west-2
35.71.122.0/24,il-central-1,EC2,il-central-1
52.15.0.0/16,us-east-2,EC2,us-east-2
64.252.124.0/24,ca-central-1,EC2,ca-central-1
98.80.0.0/13,us-east-1,EC2,us-east-1
23.228.192.0/24,us-east-1,EC2,us-east-1
35.96.32.0/24,us-east-1,EC2,us-east-1
18.189.0.0/16,us-east-2,EC2,us-east-2
35.50.194.0/24,eu-central-1,EC2,eu-central-1
35.50.237.0/24,ap-northeast-2,EC2,ap-northeast-2
35.71.64.0/22,us-west-2,EC2,us-west-2
99.77.184.0/24,us-gov-west-1,EC2,us-gov-west-1
3.64.0.0/12,eu-central-1,EC2,eu-central-1
18.88.0.0/18,us-east-1,EC2,us-east-1
18.98.128.0/19,ap-northeast-2,EC2,ap-northeast-2
35.55.9.0/24,ap-southeast-1,EC2,ap-southeast-1
110.238.2.0/23,us-east-2,EC2,us-east-2
162.213.234.0/23,eu-west-1,EC2,eu-west-1
15.220.136.0/21,ap-south-1,EC2,ap-south-1-del-1
18.34.244.0/22,us-west-2,EC2,us-west-2
18.201.0.0/16,eu-west-1,EC2,eu-west-1
54.151.128.0/17,ap-southeast-1,EC2,ap-southeast-1
173.83.220.0/24,eu-north-1,EC2,eu-north-1
208.86.88.0/23,us-east-1,EC2,us-east-1
18.175.0.0/16,eu-west-2,EC2,eu-west-2
54.208.0.0/15,us-east-1,EC2,us-east-1
54.228.0.0/16,eu-west-1,EC2,eu-west-1
151.148.35.0/24,eu-central-1,EC2,eu-central-1
15.220.146.0/23,me-south-1,EC2,me-south-1-mct-1
18.96.2.0/24,us-east-1,EC2,us-east-1
52.95.246.0/24,us-west-1,EC2,us-west-1
13.48.0.0/15,eu-north-1,EC2,eu-north-1
52.64.0.0/17,ap-southeast-2,EC2,ap-southeast-2
52.95.239.0/24,eu-west-2,EC2,eu-west-2
195.17.0.0/24,eu-west-1,EC2,eu-west-1
18.220.0.0/14,us-east-2,EC2,us-east-2
35.50.235.0/24,ap-southeast-1,EC2,ap-southeast-1
52.36.0.0/14,us-west-2,EC2,us-west-2
54.94.0.0/16,sa-east-1,EC2,sa-east-1
161.178.128.0/18,us-east-1,EC2,us-east-1-nyc-2
15.152.0.0/16,ap-northeast-3,EC2,ap-northeast-3
15.220.226.0/24,us-west-2,EC2,us-west-2-las-1b
18.99.96.0/20,eu-north-1,EC2,eu-north-1
35.50.128.0/24,us-west-2,EC2,us-west-2
52.95.228.0/24,me-south-1,EC2,me-south-1
54.222.128.0/17,cn-north-1,EC2,cn-north-1
96.127.0.0/17,us-gov-west-1,EC2,us-gov-west-1
3.4.16.0/21,us-gov-west-1,EC2,us-gov-west-1
16.15.0.0/21,us-west-1,EC2,us-west-1
16.56.128.0/18,us-east-1,EC2,us-east-1-chi-2
35.55.23.0/24,eu-west-3,EC2,eu-west-3
68.79.0.0/18,cn-northwest-1,EC2,cn-northwest-1
99.77.55.55/32,eu-south-2,EC2,eu-south-2
99.77.128.0/24,us-east-1,EC2,us-east-1
136.18.134.0/23,ca-central-1,EC2,ca-central-1
3.5.248.0/22,eu-south-1,EC2,eu-south-1
54.215.0.0/16,us-west-1,EC2,us-west-1
161.188.0.0/20,us-east-1,EC2,us-east-1-wl1-bna-wlz-1
13.162.0.0/16,ap-south-1,EC2,ap-south-1
18.182.0.0/16,ap-northeast-1,EC2,ap-northeast-1
35.96.24.0/23,eu-west-2,EC2,eu-west-2
35.96.242.0/24,eu-central-1,EC2,eu-central-1
43.218.0.0/16,ap-southeast-3,EC2,ap-southeast-3
51.0.29.128/28,eusc-de-east-1,EC2,eusc-de-east-1
54.152.0.0/16,us-east-1,EC2,us-east-1
99.77.55.14/32,eu-south-2,EC2,eu-south-2
99.77.243.0/24,ap-northeast-3,EC2,ap-northeast-3
151.148.32.0/24,us-east-2,EC2,us-east-2
173.83.209.0/24,us-west-1,EC2,us-west-1
15.145.12.0/22,eu-central-1,EC2,eu-central-1-wl1-muc-wlz-1
18.178.0.0/16,ap-northeast-1,EC2,ap-northeast-1
35.50.135.0/24,us-west-2,EC2,us-west-2
51.84.0.0/16,il-central-1,EC2,il-central-1
54.202.0.0/15,us-west-2,EC2,us-west-2
99.150.120.0/21,me-central-1,EC2,me-central-1
216.39.168.0/21,GLOBAL,EC2,GLOBAL
15.181.128.0/20,us-west-2,EC2,us-west-2-phx-1
16.170.0.0/15,eu-north-1,EC2,eu-north-1
18.132.0.0/14,eu-west-2,EC2,eu-west-2
35.55.10.0/24,ap-southeast-2,EC2,ap-southeast-2
35.55.29.0/24,us-east-1,EC2,us-east-1
52.70.0.0/15,us-east-1,EC2,us-east-1
52.94.248.0/28,us-east-1,EC2,us-east-1
96.0.56.0/22,us-east-1,EC2,us-east-1-scl-1
99.77.55.45/32,eu-south-2,EC2,eu-south-2
5.174.0.0/16,us-west-2,EC2,us-west-2
15.193.148.0/22,eu-south-2,EC2,eu-south-2
15.220.204.0/24,us-west-2,EC2,us-west-2-den-1
15.177.70.0/23,sa-east-1,EC2,sa-east-1
15.236.0.0/15,eu-west-3,EC2,eu-west-3
64.252.84.0/24,eu-west-2,EC2,eu-west-2
96.0.84.0/22,us-east-1,EC2,us-east-1-msp-1
99.77.254.0/24,us-east-1,EC2,us-east-1
184.72.0.0/18,us-west-1,EC2,us-west-1
208.78.128.0/23,us-west-1,EC2,us-west-1
13.125.0.0/16,ap-northeast-2,EC2,ap-northeast-2
35.55.42.0/24,eu-north-1,EC2,eu-north-1
35.71.100.0/24,ap-south-1,EC2,ap-south-1
54.193.0.0/16,us-west-1,EC2,us-west-1
70.232.92.0/22,us-east-1,EC2,us-east-1
99.77.55.0/32,eu-south-2,EC2,eu-south-2
99.77.247.0/24,eu-central-1,EC2,eu-central-1
64.252.88.0/24,eu-central-1,EC2,eu-central-1
96.0.110.0/23,us-west-2,EC2,us-west-2-hnl-1
99.77.55.2/32,eu-south-2,EC2,eu-south-2
15.181.245.0/24,us-west-2,EC2,us-west-2-den-1
35.55.19.0/24,eu-west-1,EC2,eu-west-1
54.46.0.0/17,ap-east-1,EC2,ap-east-1
99.151.96.0/21,us-gov-east-1,EC2,us-gov-east-1
15.177.97.0/24,eu-south-2,EC2,eu-south-2
16.156.0.0/15,ap-southeast-1,EC2,ap-southeast-1
35.55.27.0/24,sa-east-1,EC2,sa-east-1
35.55.35.0/24,us-east-2,EC2,us-east-2
35.71.68.0/22,us-east-1,EC2,us-east-1
52.8.0.0/16,us-west-1,EC2,us-west-1
52.94.249.192/28,ap-southeast-3,EC2,ap-southeast-3
52.95.247.0/24,us-west-2,EC2,us-west-2
64.252.83.0/24,eu-west-2,EC2,eu-west-2
99.77.55.253/32,eu-south-2,EC2,eu-south-2
15.177.64.0/23,us-east-1,EC2,us-east-1
15.193.9.0/24,ap-northeast-2,EC2,ap-northeast-2
46.51.208.0/22,us-east-1,EC2,us-east-1
52.86.0.0/15,us-east-1,EC2,us-east-1
54.25.20.0/24,us-east-1,EC2,us-east-1
57.180.0.0/14,ap-northeast-1,EC2,ap-northeast-1
64.252.80.0/24,sa-east-1,EC2,sa-east-1
198.41.106.0/24,us-west-2,EC2,us-west-2-lax-1
18.136.0.0/16,ap-southeast-1,EC2,ap-southeast-1
35.71.124.0/24,ap-southeast-5,EC2,ap-southeast-5
50.112.0.0/16,us-west-2,EC2,us-west-2
13.212.0.0/15,ap-southeast-1,EC2,ap-southeast-1
15.220.233.0/24,us-east-1,EC2,us-east-1-atl-1
18.179.0.0/16,ap-northeast-1,EC2,ap-northeast-1
64.252.100.0/24,ap-south-1,EC2,ap-south-1
3.5.216.0/22,eu-north-1,EC2,eu-north-1
3.130.0.0/16,us-east-2,EC2,us-east-2
13.57.0.0/16,us-west-1,EC2,us-west-1
13.126.0.0/15,ap-south-1,EC2,ap-south-1
13.202.0.0/15,ap-south-1,EC2,ap-south-1
15.181.64.0/20,us-west-2,EC2,us-west-2-las-1b
99.77.140.0/24,ap-northeast-3,EC2,ap-northeast-3
158.252.0.0/15,me-central-1,EC2,me-central-1
16.16.0.0/16,eu-north-1,EC2,eu-north-1
15.206.0.0/15,ap-south-1,EC2,ap-south-1
35.55.40.0/24,eu-north-1,EC2,eu-north-1
50.18.0.0/16,us-west-1,EC2,us-west-1
52.14.0.0/16,us-east-2,EC2,us-east-2
96.0.72.0/21,ap-southeast-2,EC2,ap-southeast-2-akl-1
96.0.112.0/21,ap-southeast-1,EC2,ap-southeast-1-sggov-sin-1a
18.99.32.0/19,ap-southeast-1,EC2,ap-southeast-1
18.99.160.0/20,ap-south-2,EC2,ap-south-2
35.50.193.0/24,eu-central-1,EC2,eu-central-1
35.50.228.0/24,ap-northeast-3,EC2,ap-northeast-3
43.212.0.0/15,ap-east-2,EC2,ap-east-2
54.172.0.0/15,us-east-1,EC2,us-east-1
71.137.0.0/18,cn-north-1,EC2,cn-north-1
168.185.7.0/24,us-west-2,EC2,us-west-2
176.34.64.0/18,eu-west-1,EC2,eu-west-1
3.5.146.0/23,ap-southeast-1,EC2,ap-southeast-1
3.5.172.0/22,ca-west-1,EC2,ca-west-1
35.50.195.0/24,eu-west-1,EC2,eu-west-1
35.71.109.0/24,ap-northeast-2,EC2,ap-northeast-2
52.94.250.144/28,ap-southeast-6,EC2,ap-southeast-6
52.95.255.96/28,us-west-1,EC2,us-west-1
56.70.0.0/16,ap-southeast-5,EC2,ap-southeast-5
99.77.249.0/24,eu-west-2,EC2,eu-west-2
99.150.88.0/21,ap-east-1,EC2,ap-east-1
18.204.0.0/14,us-east-1,EC2,us-east-1
35.96.112.0/20,eu-south-1,EC2,eu-south-1
35.96.251.0/24,ca-west-1,EC2,ca-west-1
35.178.0.0/15,eu-west-2,EC2,eu-west-2
54.88.0.0/14,us-east-1,EC2,us-east-1
35.50.224.0/24,ap-northeast-1,EC2,ap-northeast-1
51.0.96.0/21,eu-west-3,EC2,eu-west-3
52.94.116.0/22,us-west-2,EC2,us-west-2
64.252.119.0/24,us-west-1,EC2,us-west-1
173.83.200.0/22,us-east-1,EC2,us-east-1
173.83.208.0/24,eu-south-1,EC2,eu-south-1
208.86.90.0/23,eu-west-1,EC2,eu-west-1
15.181.248.0/24,us-west-2,EC2,us-west-2-las-1b
18.34.252.0/22,us-east-2,EC2,us-east-2
52.29.0.0/16,eu-central-1,EC2,eu-central-1
13.52.0.0/16,us-west-1,EC2,us-west-1
18.180.0.0/15,ap-northeast-1,EC2,ap-northeast-1
46.137.128.0/18,eu-west-1,EC2,eu-west-1
52.94.248.176/28,ap-northeast-2,EC2,ap-northeast-2
3.2.2.0/24,us-east-1,EC2,us-east-1-mia-1
13.134.0.0/15,eu-west-2,EC2,eu-west-2
13.246.0.0/16,af-south-1,EC2,af-south-1
52.94.249.240/28,eu-south-2,EC2,eu-south-2
52.95.254.0/24,eu-west-3,EC2,eu-west-3
64.252.104.0/24,ap-southeast-1,EC2,ap-southeast-1
99.77.55.53/32,eu-south-2,EC2,eu-south-2
176.32.64.0/19,ap-northeast-1,EC2,ap-northeast-1
13.54.0.0/15,ap-southeast-2,EC2,ap-southeast-2
13.200.0.0/15,ap-south-1,EC2,ap-south-1
15.177.106.0/24,me-west-1,EC2,me-west-1
16.112.0.0/16,ap-south-2,EC2,ap-south-2
18.96.224.0/19,ap-south-1,EC2,ap-south-1
18.98.224.0/19,eu-central-2,EC2,eu-central-2
35.96.40.0/24,af-south-1,EC2,af-south-1
52.95.235.0/24,ap-southeast-3,EC2,ap-southeast-3
52.95.241.0/24,ap-southeast-2,EC2,ap-southeast-2
64.252.66.0/24,us-east-1,EC2,us-east-1
64.252.82.0/24,eu-west-2,EC2,eu-west-2
99.77.144.0/24,ap-southeast-2,EC2,ap-southeast-2
99.151.188.0/23,eu-central-1,EC2,eu-central-1
3.12.0.0/16,us-east-2,EC2,us-east-2
13.124.0.0/16,ap-northeast-2,EC2,ap-northeast-2
16.28.0.0/16,af-south-1,EC2,af-south-1
35.71.111.0/24,eu-west-2,EC2,eu-west-2
35.96.44.0/24,ca-west-1,EC2,ca-west-1
52.94.248.144/28,ap-south-1,EC2,ap-south-1
52.192.0.0/15,ap-northeast-1,EC2,ap-northeast-1
99.150.72.0/21,eu-west-3,EC2,eu-west-3
3.3.5.0/24,us-east-1,EC2,us-east-1
35.50.196.0/24,eu-west-1,EC2,eu-west-1
54.78.0.0/16,eu-west-1,EC2,eu-west-1
99.77.139.0/24,ap-northeast-1,EC2,ap-northeast-1
198.41.105.0/24,us-west-2,EC2,us-west-2
15.193.4.0/24,eu-central-1,EC2,eu-central-1
35.55.31.0/24,us-east-1,EC2,us-east-1
35.71.116.0/24,us-gov-west-1,EC2,us-gov-west-1
51.118.0.0/16,eu-south-1,EC2,eu-south-1
71.132.0.0/18,cn-north-1,EC2,cn-north-1
96.0.136.0/21,ap-southeast-1,EC2,ap-southeast-1
99.150.40.0/21,eu-west-2,EC2,eu-west-2
3.5.212.0/23,ap-south-1,EC2,ap-south-1
3.5.220.0/22,me-south-1,EC2,me-south-1
15.177.72.0/24,eu-north-1,EC2,eu-north-1
18.99.64.0/19,ap-northeast-1,EC2,ap-northeast-1
52.2.0.0/15,us-east-1,EC2,us-east-1
64.252.106.0/24,ap-southeast-2,EC2,ap-southeast-2
99.77.55.39/32,eu-south-2,EC2,eu-south-2
103.4.8.0/21,ap-northeast-1,EC2,ap-northeast-1
155.146.64.0/20,us-east-1,EC2,us-east-1-wl1-nyc-wlz-1
184.72.64.0/18,us-east-1,EC2,us-east-1
15.193.136.0/22,us-west-2,EC2,us-west-2
35.55.33.0/24,us-east-2,EC2,us-east-2
99.77.55.1/32,eu-south-2,EC2,eu-south-2
198.41.97.0/24,us-east-1,EC2,us-east-1-atl-2
15.181.192.0/19,us-east-1,EC2,us-east-1-dfw-1
15.253.0.0/16,us-west-2,EC2,us-west-2-lax-1
54.238.0.0/16,ap-northeast-1,EC2,ap-northeast-1
99.150.16.0/21,eu-central-1,EC2,eu-central-1
216.182.232.0/22,us-east-1,EC2,us-east-1
3.120.0.0/14,eu-central-1,EC2,eu-central-1
15.181.252.0/24,us-west-2,EC2,us-west-2-sea-1
18.198.0.0/15,eu-central-1,EC2,eu-central-1
52.9.0.0/16,us-west-1,EC2,us-west-1
99.77.141.0/24,ap-northeast-2,EC2,ap-northeast-2
15.145.20.0/22,eu-west-2,EC2,eu-west-2-wl2-man-wlz-1
52.46.180.0/22,us-west-2,EC2,us-west-2
3.136.0.0/13,us-east-2,EC2,us-east-2
15.220.148.0/22,eu-north-1,EC2,eu-north-1-hel-1
43.192.0.0/16,cn-northwest-1,EC2,cn-northwest-1
52.94.248.192/28,eu-west-2,EC2,eu-west-2
75.3.0.0/18,us-east-2,EC2,us-east-2
161.188.32.0/20,us-west-2,EC2,us-west-2-wl1-lax-wlz-1
173.83.198.0/24,ap-northeast-2,EC2,ap-northeast-2
173.83.219.0/24,ap-southeast-1,EC2,ap-southeast-1
16.56.0.0/18,us-east-1,EC2,us-east-1-atl-2
18.98.64.0/19,eu-west-3,EC2,eu-west-3
35.55.5.0/24,ap-northeast-2,EC2,ap-northeast-2
35.55.24.0/24,eu-west-3,EC2,eu-west-3
51.0.112.0/21,GLOBAL,EC2,GLOBAL
64.252.120.0/24,us-west-1,EC2,us-west-1
99.151.184.0/23,us-east-1,EC2,us-east-1
3.5.144.0/23,ap-northeast-2,EC2,ap-northeast-2
15.193.172.0/22,sa-east-1,EC2,sa-east-1
16.24.0.0/16,me-south-1,EC2,me-south-1
52.94.248.112/28,eu-central-1,EC2,eu-central-1
155.146.144.0/20,us-west-2,EC2,us-west-2-wl1-den-wlz-1
168.185.4.0/24,us-west-1,EC2,us-west-1
15.181.242.0/24,us-east-1,EC2,us-east-1-phl-1
54.25.82.0/24,us-east-1,EC2,us-east-1
54.232.0.0/16,sa-east-1,EC2,sa-east-1
99.77.55.52/32,eu-south-2,EC2,eu-south-2
15.177.78.0/24,eu-west-2,EC2,eu-west-2
15.193.0.0/24,ap-south-1,EC2,ap-south-1
35.55.41.0/24,eu-north-1,EC2,eu-north-1
52.66.0.0/16,ap-south-1,EC2,ap-south-1
204.236.192.0/18,us-east-1,EC2,us-east-1
35.96.16.0/23,us-west-2,EC2,us-west-2
35.168.0.0/13,us-east-1,EC2,us-east-1
52.64.128.0/17,ap-southeast-2,EC2,ap-southeast-2
13.209.0.0/16,ap-northeast-2,EC2,ap-northeast-2
15.181.40.0/21,us-east-1,EC2,us-east-1-nyc-1
18.34.48.0/20,us-west-2,EC2,us-west-2
18.34.232.0/21,us-east-1,EC2,us-east-1
18.140.0.0/15,ap-southeast-1,EC2,ap-southeast-1
51.92.0.0/16,eu-south-2,EC2,eu-south-2
52.60.0.0/16,ca-central-1,EC2,ca-central-1
52.78.0.0/16,ap-northeast-2,EC2,ap-northeast-2
72.44.32.0/19,us-east-1,EC2,us-east-1
15.181.16.0/20,us-west-2,EC2,us-west-2-den-1
15.181.96.0/20,us-east-1,EC2,us-east-1-mci-1
15.220.192.0/22,ap-southeast-1,EC2,ap-southeast-1-bkk-1
16.144.0.0/16,us-west-2,EC2,us-west-2
35.96.33.0/24,us-west-1,EC2,us-west-1
56.155.0.0/17,ap-northeast-3,EC2,ap-northeast-3
99.150.112.0/21,ap-south-2,EC2,ap-south-2
13.58.0.0/15,us-east-2,EC2,us-east-2
13.128.0.0/16,us-east-1,EC2,us-east-1
35.55.22.0/24,eu-west-3,EC2,eu-west-3
54.194.0.0/15,eu-west-1,EC2,eu-west-1
35.50.232.0/24,ap-south-1,EC2,ap-south-1
45.57.128.0/18,ap-southeast-1,EC2,ap-southeast-1
99.77.55.50/32,eu-south-2,EC2,eu-south-2
3.98.0.0/15,ca-central-1,EC2,ca-central-1
35.96.244.0/24,us-west-2,EC2,us-west-2
54.66.0.0/16,ap-southeast-2,EC2,ap-southeast-2
56.228.0.0/16,eu-north-1,EC2,eu-north-1
99.77.242.0/24,ap-northeast-2,EC2,ap-northeast-2
162.222.148.0/22,us-west-2,EC2,us-west-2-lax-1
173.83.206.0/23,eu-west-2,EC2,eu-west-2
3.4.2.0/24,us-east-1,EC2,us-east-1
15.177.75.0/24,eu-west-1,EC2,eu-west-1
15.220.240.0/21,ap-southeast-1,EC2,ap-southeast-1-bkk-1
52.24.0.0/14,us-west-2,EC2,us-west-2
52.222.0.0/17,us-gov-west-1,EC2,us-gov-west-1
64.252.65.0/24,us-west-2,EC2,us-west-2
136.18.144.0/21,ap-southeast-7,EC2,ap-southeast-7
18.97.112.0/20,ap-east-2,EC2,ap-east-2
3.13.0.0/16,us-east-2,EC2,us-east-2
3.248.0.0/13,eu-west-1,EC2,eu-west-1
54.92.128.0/17,us-east-1,EC2,us-east-1
99.77.133.0/24,eu-west-1,EC2,eu-west-1
13.210.0.0/15,ap-southeast-2,EC2,ap-southeast-2
16.64.0.0/17,us-gov-east-1,EC2,us-gov-east-1
23.228.194.0/24,us-east-1,EC2,us-east-1
51.0.88.0/21,me-central-1,EC2,me-central-1
54.241.0.0/16,us-west-1,EC2,us-west-1
99.77.151.0/24,us-east-1,EC2,us-east-1
99.77.239.0/24,ap-southeast-2,EC2,ap-southeast-2
184.169.128.0/17,us-west-1,EC2,us-west-1
198.41.104.0/24,us-west-1,EC2,us-west-1
216.182.224.0/21,us-east-1,EC2,us-east-1
16.71.0.0/18,us-west-2,EC2,us-west-2
35.55.25.0/24,sa-east-1,EC2,sa-east-1
35.72.0.0/13,ap-northeast-1,EC2,ap-northeast-1
99.150.24.0/21,ap-northeast-2,EC2,ap-northeast-2
136.18.254.0/23,us-east-1,EC2,us-east-1
3.8.0.0/14,eu-west-2,EC2,eu-west-2
18.246.0.0/16,us-west-2,EC2,us-west-2
54.204.0.0/15,us-east-1,EC2,us-east-1
18.99.192.0/20,ap-southeast-4,EC2,ap-southeast-4
35.55.21.0/24,eu-west-1,EC2,eu-west-1
35.55.32.0/24,us-east-1,EC2,us-east-1
52.194.0.0/15,ap-northeast-1,EC2,ap-northeast-1
54.155.0.0/16,eu-west-1,EC2,eu-west-1
54.196.0.0/15,us-east-1,EC2,us-east-1
216.244.0.0/24,us-west-2,EC2,us-west-2
3.5.80.0/21,us-west-2,EC2,us-west-2
35.55.7.0/24,ap-southeast-1,EC2,ap-southeast-1
35.71.97.0/24,ap-southeast-2,EC2,ap-southeast-2
35.152.0.0/16,eu-south-1,EC2,eu-south-1
99.77.55.42/32,eu-south-2,EC2,eu-south-2
99.150.0.0/21,us-east-2,EC2,us-east-2
13.160.0.0/16,eu-central-1,EC2,eu-central-1
15.145.24.0/23,eu-west-2,EC2,eu-west-2-wl2-man-wlz-1
18.99.208.0/20,eu-south-1,EC2,eu-south-1
1.178.8.0/24,us-east-2,EC2,us-east-2
54.26.166.0/24,us-east-1,EC2,us-east-1
99.77.163.0/24,il-central-1,EC2,il-central-1
155.146.32.0/20,us-east-1,EC2,us-east-1-wl1-was-wlz-1
216.244.3.0/24,ap-south-1,EC2,ap-south-1
15.193.144.0/22,eu-west-2,EC2,eu-west-2
15.220.220.0/23,us-east-1,EC2,us-east-1-mia-1
35.156.0.0/14,eu-central-1,EC2,eu-central-1
51.94.0.0/15,eu-south-2,EC2,eu-south-2
3.16.0.0/14,us-east-2,EC2,us-east-2
16.79.0.0/16,ap-southeast-3,EC2,ap-southeast-3
18.130.0.0/16,eu-west-2,EC2,eu-west-2
23.254.8.0/21,ap-southeast-6,EC2,ap-southeast-6
52.72.0.0/15,us-east-1,EC2,us-east-1
52.82.180.0/22,cn-northwest-1,EC2,cn-northwest-1
99.151.64.0/21,eu-south-2,EC2,eu-south-2
16.15.176.0/20,us-east-1,EC2,us-east-1
52.62.0.0/15,ap-southeast-2,EC2,ap-southeast-2
52.94.249.224/28,me-central-1,EC2,me-central-1
98.130.0.0/16,ap-south-2,EC2,ap-south-2
16.50.0.0/15,ap-southeast-4,EC2,ap-southeast-4
18.98.192.0/19,ap-southeast-2,EC2,ap-southeast-2
35.71.125.0/24,mx-central-1,EC2,mx-central-1
54.160.0.0/13,us-east-1,EC2,us-east-1
157.175.0.0/16,me-south-1,EC2,me-south-1
176.34.32.0/19,ap-northeast-1,EC2,ap-northeast-1
35.50.144.0/24,us-east-2,EC2,us-east-2
54.234.0.0/15,us-east-1,EC2,us-east-1
70.232.86.126/32,ap-southeast-4,EC2,ap-southeast-4
1.178.9.0/24,us-west-2,EC2,us-west-2
3.5.192.0/22,mx-central-1,EC2,mx-central-1
15.220.248.0/23,us-east-1,EC2,us-east-1-phl-1
52.95.225.0/24,ap-northeast-3,EC2,ap-northeast-3
56.68.0.0/17,ap-southeast-5,EC2,ap-southeast-5
99.77.154.0/24,us-west-1,EC2,us-west-1
99.77.245.0/24,eu-south-1,EC2,eu-south-1
136.18.136.0/23,us-east-1,EC2,us-east-1
3.14.0.0/15,us-east-2,EC2,us-east-2
15.177.81.0/24,us-west-1,EC2,us-west-1
18.228.0.0/16,sa-east-1,EC2,sa-east-1
52.16.0.0/15,eu-west-1,EC2,eu-west-1
52.95.242.0/24,ap-southeast-1,EC2,ap-southeast-1
161.189.0.0/16,cn-northwest-1,EC2,cn-northwest-1
15.134.0.0/16,ap-southeast-2,EC2,ap-southeast-2
15.177.84.0/24,ca-central-1,EC2,ca-central-1
15.193.156.0/22,ap-northeast-1,EC2,ap-northeast-1
15.220.250.0/23,us-east-1,EC2,us-east-1-msp-1
52.94.249.176/28,af-south-1,EC2,af-south-1
54.153.0.0/17,us-west-1,EC2,us-west-1
71.136.64.0/18,cn-north-1,EC2,cn-north-1
96.0.60.0/22,ap-south-1,EC2,ap-south-1-ccu-1
15.145.16.0/22,eu-central-1,EC2,eu-central-1-wl1-ber-wlz-1
15.177.98.0/24,eu-central-2,EC2,eu-central-2
15.200.0.0/16,us-gov-west-1,EC2,us-gov-west-1
15.220.236.0/22,us-east-1,EC2,us-east-1-mci-1
35.96.2.0/24,us-west-2,EC2,us-west-2
35.154.0.0/16,ap-south-1,EC2,ap-south-1
52.82.0.0/17,cn-northwest-1,EC2,cn-northwest-1
52.94.249.32/28,eu-west-3,EC2,eu-west-3
52.94.250.112/28,ap-southeast-7,EC2,ap-southeast-7
168.185.6.0/24,us-east-2,EC2,us-east-2
173.83.216.0/24,eu-west-3,EC2,eu-west-3
15.145.4.0/23,eu-central-1,EC2,eu-central-1-wl1-ber-wlz-1
35.71.107.0/24,ap-east-1,EC2,ap-east-1
52.94.250.32/28,il-central-1,EC2,il-central-1
96.0.132.0/22,ap-southeast-1,EC2,ap-southeast-1
155.146.48.0/20,us-east-1,EC2,us-east-1-wl1-atl-wlz-1
161.188.48.0/20,us-east-1,EC2,us-east-1-foe-wlz-1
64.252.115.0/24,eu-west-1,EC2,eu-west-1
99.77.161.0/24,ap-southeast-1,EC2,ap-southeast-1
35.50.142.0/24,us-east-2,EC2,us-east-2
15.181.249.0/24,us-east-1,EC2,us-east-1-msp-1
15.220.205.0/24,us-west-2,EC2,us-west-2-den-1
52.88.0.0/15,us-west-2,EC2,us-west-2
96.0.94.0/23,ap-southeast-1,EC2,ap-southeast-1-sggov-sin-1a
139.56.22.0/23,us-east-1,EC2,us-east-1-wl1-clt-wlz-1
198.41.103.0/24,us-east-2,EC2,us-east-2
3.5.244.0/22,eu-west-2,EC2,eu-west-2
18.253.0.0/16,us-gov-east-1,EC2,us-gov-east-1
35.96.10.0/24,us-west-2,EC2,us-west-2
52.94.249.112/28,us-gov-east-1,EC2,us-gov-east-1
99.77.232.0/24,us-west-2,EC2,us-west-2
161.193.0.0/18,us-east-1,EC2,us-east-1-mia-2
198.41.101.0/24,us-east-1,EC2,us-east-1-mia-2
198.99.2.0/24,us-east-2,EC2,us-east-2
18.153.0.0/16,eu-central-1,EC2,eu-central-1
18.202.0.0/15,eu-west-1,EC2,eu-west-1
35.96.255.0/24,us-west-1,EC2,us-west-1
52.94.250.48/28,ca-west-1,EC2,ca-west-1
142.4.178.0/24,us-east-1,EC2,us-east-1
64.252.98.0/24,ap-south-1,EC2,ap-south-1
75.45.128.0/18,eu-central-1,EC2,eu-central-1
173.83.196.0/23,eu-central-1,EC2,eu-central-1
216.182.236.0/23,us-west-1,EC2,us-west-1
3.5.32.0/22,eu-south-2,EC2,eu-south-2
3.208.0.0/12,us-east-1,EC2,us-east-1
52.129.224.0/22,us-west-2,EC2,us-west-2
70.232.86.124/32,ap-southeast-4,EC2,ap-southeast-4
99.77.157.0/24,eu-west-3,EC2,eu-west-3
185.48.120.0/22,eu-west-1,EC2,eu-west-1
54.233.128.0/17,sa-east-1,EC2,sa-east-1
99.77.55.35/32,eu-south-2,EC2,eu-south-2
161.178.0.0/18,us-east-1,EC2,us-east-1-chi-2
15.220.206.0/24,us-west-2,EC2,us-west-2-sea-1
35.55.28.0/24,us-east-1,EC2,us-east-1
184.73.0.0/16,us-east-1,EC2,us-east-1
192.189.197.0/24,us-east-2,EC2,us-east-2
15.160.0.0/16,eu-south-1,EC2,eu-south-1
15.177.80.0/24,us-west-2,EC2,us-west-2
35.96.241.0/24,us-west-2,EC2,us-west-2
43.196.0.0/16,cn-north-1,EC2,cn-north-1
54.174.0.0/15,us-east-1,EC2,us-east-1
155.146.16.0/20,us-west-2,EC2,us-west-2-wl1-sfo-wlz-1
13.230.0.0/15,ap-northeast-1,EC2,ap-northeast-1
35.55.16.0/24,eu-central-1,EC2,eu-central-1
35.96.37.0/24,eu-south-2,EC2,eu-south-2
35.96.243.0/24,eu-west-1,EC2,eu-west-1
52.94.249.160/28,me-south-1,EC2,me-south-1
54.224.0.0/15,us-east-1,EC2,us-east-1
96.0.160.0/20,us-west-2,EC2,us-west-2-hnl-1
173.83.218.0/24,ap-northeast-3,EC2,ap-northeast-3
15.220.234.0/23,us-east-1,EC2,us-east-1-mia-1
16.15.16.0/22,me-west-1,EC2,me-west-1
18.176.0.0/15,ap-northeast-1,EC2,ap-northeast-1
64.252.86.0/24,eu-central-1,EC2,eu-central-1
99.151.186.0/23,us-west-2,EC2,us-west-2
3.20.0.0/14,us-east-2,EC2,us-east-2
15.156.0.0/15,ca-central-1,EC2,ca-central-1
15.254.0.0/16,us-west-2,EC2,us-west-2-lax-1
18.196.0.0/15,eu-central-1,EC2,eu-central-1
35.96.144.0/20,us-east-1,EC2,us-east-1
54.76.0.0/15,eu-west-1,EC2,eu-west-1
96.0.96.0/22,us-east-1,EC2,us-east-1-dfw-1
3.80.0.0/12,us-east-1,EC2,us-east-1
3.101.0.0/16,us-west-1,EC2,us-west-1
52.40.0.0/14,us-west-2,EC2,us-west-2
155.146.96.0/20,us-east-1,EC2,us-east-1-wl1-dfw-wlz-1
35.50.234.0/24,ap-southeast-1,EC2,ap-southeast-1
35.55.37.0/24,us-west-2,EC2,us-west-2
43.198.0.0/15,ap-east-1,EC2,ap-east-1
99.150.104.0/21,af-south-1,EC2,af-south-1
35.71.101.0/24,eu-west-3,EC2,eu-west-3
52.95.248.0/24,eu-central-1,EC2,eu-central-1
54.239.103.128/26,us-east-1,EC2,us-east-1
64.252.70.0/24,us-west-2,EC2,us-west-2
64.252.116.0/24,eu-west-1,EC2,eu-west-1
96.0.104.0/22,us-east-1,EC2,us-east-1-phl-1
96.0.108.0/24,ap-southeast-1,EC2,ap-southeast-1-sggov-sin-1a
18.88.128.0/18,us-west-2,EC2,us-west-2
34.240.0.0/13,eu-west-1,EC2,eu-west-1
52.94.248.16/28,eu-west-1,EC2,eu-west-1
52.94.249.96/28,ap-northeast-3,EC2,ap-northeast-3
54.253.0.0/16,ap-southeast-2,EC2,ap-southeast-2
96.0.120.0/21,ap-southeast-1,EC2,ap-southeast-1-sggov-sin-1b
198.41.100.0/24,us-east-1,EC2,us-east-1-iah-2
216.244.4.0/24,ap-northeast-2,EC2,ap-northeast-2
16.145.0.0/16,us-west-2,EC2,us-west-2
18.162.0.0/16,ap-east-1,EC2,ap-east-1
35.96.15.0/24,us-west-2,EC2,us-west-2
52.94.146.0/24,eu-central-1,EC2,eu-central-1
204.87.185.0/24,us-east-1,EC2,us-east-1
52.32.0.0/14,us-west-2,EC2,us-west-2
52.95.252.0/24,ap-northeast-2,EC2,ap-northeast-2
54.222.36.0/22,cn-north-1,EC2,cn-north-1
16.15.12.0/22,eu-south-2,EC2,eu-south-2
52.94.248.64/28,ap-southeast-2,EC2,ap-southeast-2
52.95.229.0/24,af-south-1,EC2,af-south-1
54.72.0.0/15,eu-west-1,EC2,eu-west-1
173.83.212.0/24,ap-southeast-2,EC2,ap-southeast-2
216.244.1.0/24,ap-southeast-5,EC2,ap-southeast-5
3.5.56.0/22,il-central-1,EC2,il-central-1
35.50.230.0/24,ap-northeast-3,EC2,ap-northeast-3
52.95.250.0/24,ca-central-1,EC2,ca-central-1
64.252.67.0/24,us-east-1,EC2,us-east-1
64.252.97.0/24,me-central-1,EC2,me-central-1
3.5.148.0/22,ap-southeast-1,EC2,ap-southeast-1
35.55.18.0/24,eu-central-1,EC2,eu-central-1
54.198.0.0/16,us-east-1,EC2,us-east-1
64.252.77.0/24,us-east-2,EC2,us-east-2
99.77.55.56/32,eu-south-2,EC2,eu-south-2
15.164.0.0/15,ap-northeast-2,EC2,ap-northeast-2
18.89.0.0/18,eu-central-1,EC2,eu-central-1
99.77.55.15/32,eu-south-2,EC2,eu-south-2
176.34.128.0/17,eu-west-1,EC2,eu-west-1
208.78.130.0/23,ap-northeast-1,EC2,ap-northeast-1
35.96.14.0/24,us-west-2,EC2,us-west-2
35.96.64.0/20,eu-west-3,EC2,eu-west-3
35.96.245.0/24,us-west-2,EC2,us-west-2
43.208.0.0/15,ap-southeast-7,EC2,ap-southeast-7
15.177.0.0/18,GLOBAL,EC2,GLOBAL
15.181.244.0/24,us-east-1,EC2,us-east-1-phl-1
18.194.0.0/15,eu-central-1,EC2,eu-central-1
52.94.249.128/28,eu-north-1,EC2,eu-north-1
54.184.0.0/13,us-west-2,EC2,us-west-2
3.6.0.0/15,ap-south-1,EC2,ap-south-1
15.181.120.0/21,us-east-1,EC2,us-east-1-atl-1
15.193.1.0/24,ap-northeast-1,EC2,ap-northeast-1
35.44.0.0/15,eu-south-2,EC2,eu-south-2
35.71.108.0/24,ap-south-2,EC2,ap-south-2
52.46.184.0/22,eu-central-1,EC2,eu-central-1
52.67.0.0/16,sa-east-1,EC2,sa-east-1
18.138.0.0/15,ap-southeast-1,EC2,ap-southeast-1
35.55.4.0/24,ap-northeast-2,EC2,ap-northeast-2
52.94.249.48/28,eu-south-1,EC2,eu-south-1
52.95.255.144/28,cn-north-1,EC2,cn-north-1
95.40.0.0/15,ap-east-1,EC2,ap-east-1
99.77.55.36/32,eu-south-2,EC2,eu-south-2
99.77.246.0/24,eu-north-1,EC2,eu-north-1
52.52.0.0/15,us-west-1,EC2,us-west-1
54.233.64.0/18,sa-east-1,EC2,sa-east-1
173.83.204.0/23,us-west-2,EC2,us-west-2
3.34.0.0/15,ap-northeast-2,EC2,ap-northeast-2
15.177.74.0/24,eu-west-3,EC2,eu-west-3
35.50.178.0/24,sa-east-1,EC2,sa-east-1
35.71.121.0/24,eu-central-2,EC2,eu-central-2
52.65.0.0/16,ap-southeast-2,EC2,ap-southeast-2
54.150.0.0/16,ap-northeast-1,EC2,ap-northeast-1
78.14.0.0/15,mx-central-1,EC2,mx-central-1
13.40.0.0/14,eu-west-2,EC2,eu-west-2
15.177.96.0/24,ap-southeast-4,EC2,ap-southeast-4
15.181.251.0/24,us-west-2,EC2,us-west-2-den-1
34.248.0.0/13,eu-west-1,EC2,eu-west-1
64.252.109.0/24,ap-southeast-2,EC2,ap-southeast-2
69.234.192.0/18,cn-northwest-1,EC2,cn-northwest-1
3.5.0.0/19,us-east-1,EC2,us-east-1
16.208.0.0/16,ap-northeast-3,EC2,ap-northeast-3
35.50.214.0/24,me-south-1,EC2,me-south-1
54.178.0.0/16,ap-northeast-1,EC2,ap-northeast-1
99.77.55.12/32,eu-south-2,EC2,eu-south-2
99.77.55.27/32,eu-south-2,EC2,eu-south-2
108.128.0.0/13,eu-west-1,EC2,eu-west-1
18.100.0.0/15,eu-south-2,EC2,eu-south-2
23.254.0.0/21,ap-east-2,EC2,ap-east-2
51.0.104.0/21,GLOBAL,EC2,GLOBAL
52.119.205.0/24,ap-southeast-1,EC2,ap-southeast-1
96.0.64.0/21,ap-south-1,EC2,ap-south-1-ccu-1
15.177.87.0/24,me-south-1,EC2,me-south-1
52.94.250.0/28,eu-central-2,EC2,eu-central-2
64.252.71.0/24,us-west-2,EC2,us-west-2
64.252.114.0/24,eu-west-1,EC2,eu-west-1
15.177.85.0/24,ap-east-1,EC2,ap-east-1
15.181.246.0/24,us-east-1,EC2,us-east-1-mci-1
35.96.20.0/23,eu-central-1,EC2,eu-central-1
52.95.251.0/24,us-east-2,EC2,us-east-2
72.41.0.0/20,us-east-1,EC2,us-east-1-iah-1
96.0.24.0/21,eu-north-1,EC2,eu-north-1-cph-1
96.0.36.0/22,af-south-1,EC2,af-south-1-los-1
216.244.5.0/24,us-west-2,EC2,us-west-2-lax-1
15.177.91.0/24,af-south-1,EC2,af-south-1
35.55.20.0/24,eu-west-1,EC2,eu-west-1
35.96.250.0/24,eu-west-3,EC2,eu-west-3
35.155.0.0/16,us-west-2,EC2,us-west-2
54.210.0.0/15,us-east-1,EC2,us-east-1
64.252.75.0/24,us-east-2,EC2,us-east-2
78.12.0.0/15,mx-central-1,EC2,mx-central-1
99.151.136.0/21,ap-south-1,EC2,ap-south-1
13.154.0.0/16,eu-north-1,EC2,eu-north-1
15.181.240.0/24,us-east-1,EC2,us-east-1-dfw-1
16.56.192.0/18,us-east-1,EC2,us-east-1
16.78.0.0/16,ap-southeast-3,EC2,ap-southeast-3
52.76.0.0/17,ap-southeast-1,EC2,ap-southeast-1
198.41.99.0/24,us-east-1,EC2,us-east-1-dfw-2
52.18.0.0/15,eu-west-1,EC2,eu-west-1
107.176.0.0/15,cn-north-1,EC2,cn-north-1
175.41.192.0/18,ap-northeast-1,EC2,ap-northeast-1
192.43.175.0/24,us-east-1,EC2,us-east-1
52.94.250.128/28,ap-east-2,EC2,ap-east-2
99.151.144.0/21,ap-northeast-2,EC2,ap-northeast-2
208.78.134.0/24,us-west-1,EC2,us-west-1
16.54.0.0/15,ca-central-1,EC2,ca-central-1
52.10.0.0/15,us-west-2,EC2,us-west-2
52.82.164.0/22,cn-northwest-1,EC2,cn-northwest-1
100.24.0.0/13,us-east-1,EC2,us-east-1
151.148.34.0/24,eu-west-1,EC2,eu-west-1
139.56.30.0/23,us-east-1,EC2,us-east-1-wl1-dtw-wlz-1
1.178.11.0/24,ap-southeast-2,EC2,ap-southeast-2
3.4.4.0/24,us-west-2,EC2,us-west-2
99.77.237.0/24,ap-southeast-3,EC2,ap-southeast-3
99.150.64.0/21,eu-north-1,EC2,eu-north-1
162.213.233.0/24,eu-west-1,EC2,eu-west-1
1.178.4.0/24,us-east-1,EC2,us-east-1
3.3.32.0/23,us-east-1,EC2,us-east-1
15.128.0.0/16,ap-northeast-1,EC2,ap-northeast-1
15.193.152.0/22,eu-central-1,EC2,eu-central-1
52.95.255.0/28,sa-east-1,EC2,sa-east-1
54.176.0.0/15,us-west-1,EC2,us-west-1
54.246.0.0/16,eu-west-1,EC2,eu-west-1
64.252.112.0/24,ap-northeast-1,EC2,ap-northeast-1
96.0.152.0/21,us-east-1,EC2,us-east-1-scl-1
96.0.176.0/22,ap-southeast-1,EC2,ap-southeast-1-sggov-sin-1a
142.4.180.0/24,ap-south-1,EC2,ap-south-1
16.162.0.0/15,ap-east-1,EC2,ap-east-1
18.99.112.0/20,us-gov-east-1,EC2,us-gov-east-1
96.0.130.0/24,ap-southeast-1,EC2,ap-southeast-1-sggov-sin-1b
161.188.112.0/22,us-east-1,EC2,us-east-1-foe-wlz-1
15.181.32.0/21,us-east-1,EC2,us-east-1-chi-1
15.181.116.0/22,us-west-2,EC2,us-west-2-phx-1
35.71.106.0/24,sa-east-1,EC2,sa-east-1
54.54.0.0/16,ap-east-2,EC2,ap-east-2
15.177.93.0/24,me-central-1,EC2,me-central-1
15.181.243.0/24,us-east-1,EC2,us-east-1-phl-1
3.5.232.0/22,sa-east-1,EC2,sa-east-1
3.28.0.0/15,me-central-1,EC2,me-central-1
51.16.0.0/15,il-central-1,EC2,il-central-1
54.79.0.0/16,ap-southeast-2,EC2,ap-southeast-2
54.251.0.0/16,ap-southeast-1,EC2,ap-southeast-1
3.128.0.0/15,us-east-2,EC2,us-east-2
18.254.0.0/16,us-gov-east-1,EC2,us-gov-east-1
23.254.16.0/21,me-west-1,EC2,me-west-1
31.220.220.0/22,us-east-1,EC2,us-east-1
35.96.3.0/24,us-west-2,EC2,us-west-2
64.252.105.0/24,ap-southeast-1,EC2,ap-southeast-1
96.0.92.0/23,us-east-1,EC2,us-east-1-chi-1
1.178.5.0/24,us-east-1,EC2,us-east-1
3.4.24.0/21,us-gov-east-1,EC2,us-gov-east-1
15.220.224.0/23,us-west-2,EC2,us-west-2-pdx-1
43.193.64.0/24,cn-northwest-1,EC2,cn-northwest-1
54.207.0.0/16,sa-east-1,EC2,sa-east-1
99.77.145.0/24,ap-south-1,EC2,ap-south-1
99.150.96.0/21,ap-northeast-3,EC2,ap-northeast-3
3.102.0.0/15,ap-southeast-6,EC2,ap-southeast-6
35.71.105.0/24,eu-central-1,EC2,eu-central-1
52.28.0.0/16,eu-central-1,EC2,eu-central-1
161.193.128.0/18,ca-central-1,EC2,ca-central-1
173.83.192.0/22,us-east-2,EC2,us-east-2
83.118.240.0/22,eusc-de-east-1,EC2,eusc-de-east-1
161.188.64.0/20,us-east-1,EC2,us-east-1
3.0.0.0/15,ap-southeast-1,EC2,ap-southeast-1
15.145.8.0/22,eu-central-1,EC2,eu-central-1-wl1-dtm-wlz-1
15.220.112.0/21,sa-east-1,EC2,sa-east-1
52.77.0.0/16,ap-southeast-1,EC2,ap-southeast-1
64.252.99.0/24,ap-south-1,EC2,ap-south-1
99.77.55.255/32,eu-south-2,EC2,eu-south-2
3.5.236.0/22,ap-east-1,EC2,ap-east-1
15.181.250.0/24,us-west-2,EC2,us-west-2-den-1
15.193.10.0/24,af-south-1,EC2,af-south-1
35.50.131.0/24,us-west-2,EC2,us-west-2
51.0.80.0/21,me-central-1,EC2,me-central-1
99.151.152.0/21,il-central-1,EC2,il-central-1
13.60.0.0/15,eu-north-1,EC2,eu-north-1
15.240.0.0/16,af-south-1,EC2,af-south-1
18.166.0.0/15,ap-east-1,EC2,ap-east-1
52.94.248.128/28,us-west-1,EC2,us-west-1
96.0.128.0/23,ap-southeast-1,EC2,ap-southeast-1-sggov-sin-1b
99.77.55.13/32,eu-south-2,EC2,eu-south-2
99.77.160.0/24,ap-northeast-1,EC2,ap-northeast-1
99.77.250.0/24,eu-west-1,EC2,eu-west-1
15.220.128.0/21,ap-south-1,EC2,ap-south-1-del-1
18.183.0.0/16,ap-northeast-1,EC2,ap-northeast-1
35.96.0.0/24,us-west-2,EC2,us-west-2
35.96.249.0/24,us-west-2,EC2,us-west-2
46.137.0.0/17,eu-west-1,EC2,eu-west-1
51.48.0.0/15,eu-south-2,EC2,eu-south-2
99.77.135.0/24,eu-west-3,EC2,eu-west-3
99.151.168.0/21,ca-west-1,EC2,ca-west-1
151.148.38.0/24,ap-southeast-1,EC2,ap-southeast-1
15.177.92.0/24,ap-southeast-3,EC2,ap-southeast-3
15.193.8.0/24,ca-central-1,EC2,ca-central-1
15.220.160.0/21,me-south-1,EC2,me-south-1-mct-1
35.96.9.0/24,us-west-2,EC2,us-west-2
216.39.152.0/21,eu-west-2,EC2,eu-west-2
3.3.2.0/24,us-east-1,EC2,us-east-1
3.5.134.0/23,eu-central-1,EC2,eu-central-1
13.228.0.0/15,ap-southeast-1,EC2,ap-southeast-1
15.220.40.0/22,us-west-2,EC2,us-west-2-den-1
35.55.36.0/24,us-west-2,EC2,us-west-2
52.94.248.96/28,us-west-2,EC2,us-west-2
52.196.0.0/14,ap-northeast-1,EC2,ap-northeast-1
99.77.150.0/24,ca-central-1,EC2,ca-central-1
3.5.52.0/22,eu-central-2,EC2,eu-central-2
3.5.202.0/23,af-south-1,EC2,af-south-1
3.5.224.0/22,eu-west-3,EC2,eu-west-3
18.96.8.0/21,us-gov-west-1,EC2,us-gov-west-1
35.55.39.0/24,us-west-2,EC2,us-west-2
35.96.42.0/24,ap-south-1,EC2,ap-south-1
54.222.58.32/28,cn-north-1,EC2,cn-north-1
56.155.128.0/17,ap-northeast-3,EC2,ap-northeast-3
96.0.48.0/21,us-east-1,EC2,us-east-1-scl-1
99.77.186.0/24,us-west-2,EC2,us-west-2
142.4.177.0/24,ap-south-1,EC2,ap-south-1
15.177.68.0/23,eu-central-1,EC2,eu-central-1
35.55.127.0/24,us-west-2,EC2,us-west-2
177.71.128.0/17,sa-east-1,EC2,sa-east-1
