service_name,service_path,metadata_tool_name,metadata_tool_category,metadata_tool_type,metadata_severity,metadata_comment,metadata_reference
Windows Unstoppable Service,,UnstoppableService,Persistence,offensive_tool,critical,a Windows service in C# that is self installing as a single executable and sets proper attributes to prevent an administrator from stopping or pausing the service through the Windows Service Control Manager interface,https://github.com/malcomvetter/UnstoppableService/blob/871e76ae7904e7da0f374cc5d771860981c7f3a2/UnstoppableService/Program.cs#L56 - https://github.com/mthcht/ThreatHunting-Keywords/blob/main/tools/U-W/UnstoppableService.csv
unstoppable,,UnstoppableService,Persistence,offensive_tool,critical,a Windows service in C# that is self installing as a single executable and sets proper attributes to prevent an administrator from stopping or pausing the service through the Windows Service Control Manager interface,https://github.com/malcomvetter/UnstoppableService/blob/871e76ae7904e7da0f374cc5d771860981c7f3a2/UnstoppableService/Program.cs#L56 - https://github.com/mthcht/ThreatHunting-Keywords/blob/main/tools/U-W/UnstoppableService.csv
PDQDeployRunner-*,,PDQ,Lateral Movement,greyware_tool,low,legitimate service (observed on clients) abused by attackers for Lateral Movement https://thedfirreport.com/2025/02/24/confluence-exploit-leads-to-lockbit-ransomware/,https://github.com/mthcht/awesome-lists
physmem2profit,,physmem2profit,Credential Access,offensive_tool,critical,https://github.com/WithSecureLabs/physmem2profit/blob/2f64133bd9931303b8ae47630835e96347e0f294/server/Plugins/WinPmem.cs#L11,https://github.com/mthcht/ThreatHunting-Keywords/blob/main/tools/O-Q/physmem2profit.csv
WinPwnage,,WinPwnage,Persistence,offensive_tool,critical,https://github.com/rootm0s/WinPwnage/blob/aed0389b4d20b61e3c6de611a3386d3e3fbcae01/winpwnage/functions/persist/persistMethod12.py#L24,https://github.com/mthcht/ThreatHunting-Keywords/blob/main/tools/U-W/WinPwnage.csv
WinPwnageVPN,,WinPwnage,Persistence,offensive_tool,critical,https://github.com/rootm0s/WinPwnage/blob/aed0389b4d20b61e3c6de611a3386d3e3fbcae01/winpwnage/functions/uac/uacMethod13.py#L54,https://github.com/mthcht/ThreatHunting-Keywords/blob/main/tools/U-W/WinPwnage.csv
winexesvc,,winexe,Lateral Movement,greyware_tool,low,https://www.kali.org/tools/winexe,https://github.com/mthcht/ThreatHunting-Keywords/blob/main/tools/U-W/winexe.csv
csexecsvc,,csexec,Lateral Movement,offensive_tool,critical,https://github.com/malcomvetter/CSExec/blob/d6bd3f97e66dc65ccf64d9102a33379fdb769614/csexecsvc/Program.cs#L13,https://github.com/mthcht/ThreatHunting-Keywords/blob/main/tools/A-C/csexec.csv
Ring0NamedPipeFilter,,NamedPipeMaster,Privilege Escalation,offensive_tool,critical,https://github.com/gavz/NamedPipeMaster,https://github.com/mthcht/ThreatHunting-Keywords/blob/main/tools/L-N/NamedPipeMaster.csv
SilkService,,SilkETW,Discovery,greyware_tool,low,C# wrappers for ETW - meant to abstract away the complexities of ETW and give people a simple interface to perform research and introspection,https://github.com/mandiant/SilkETW
svcHighPriv,,EasySystem,Privilege Escalation,offensive_tool,critical,https://github.com/S3cur3Th1sSh1t/Creds/blob/f71e780c51fdc2fdabe4e51831fa6289b1bede96/Csharp/NamedPipeSystem.cs#L28,https://github.com/mthcht/awesome-lists
PCHunter*,,PCHunter,Defense Evasion,greyware_tool,medium,PCHunter service name installation - https://www.majorgeeks.com/files/details/pc_hunter.html,https://github.com/mthcht/ThreatHunting-Keywords/blob/main/tools/O-Q/PCHunter.csv
eHorus Display Manager,,EHORUSRMM,RMM,greyware_tool,high,Pandora RC RMM agent service name installation - https://pandorafms.com/en/remote-control/download/,https://github.com/mthcht/ThreatHunting-Keywords/blob/main/tools/G-H/EHORUSRMM.csv
eHorus Agent Launcher,,EHORUSRMM,RMM,greyware_tool,high,Pandora RC RMM agent service name installation - https://pandorafms.com/en/remote-control/download/,https://github.com/mthcht/ThreatHunting-Keywords/blob/main/tools/G-H/EHORUSRMM.csv
ehorus,,EHORUSRMM,RMM,greyware_tool,high,Pandora RC RMM agent service name installation - https://pandorafms.com/en/remote-control/download/,https://github.com/mthcht/ThreatHunting-Keywords/blob/main/tools/G-H/EHORUSRMM.csv
EHORUSAGENT,,EHORUSRMM,RMM,greyware_tool,high,Pandora RC RMM agent service name installation - https://pandorafms.com/en/remote-control/download/,https://github.com/mthcht/ThreatHunting-Keywords/blob/main/tools/G-H/EHORUSRMM.csv
svcEasySystem,,p0wnedShell,Privilege Escalation,offensive_tool,critical,https://github.com/Cn33liz/p0wnedShell/blob/35853bcc2a184f0e0fa7b18b0e54d4ad7a985ed6/p0wnedShell/Modules/PrivEsc/p0wnedEasySystem.cs#L582C33-L582C46,https://github.com/mthcht/ThreatHunting-Keywords/blob/main/tools/O-Q/p0wnedShell.csv
Fleet osquery,,fleetdm,RMM,greyware_tool,high,,https://github.com/mthcht/ThreatHunting-Keywords/blob/main/tools/E-H/fleetdm.csv
Neo_VPN,*\System32\drivers\Neo6_x64_VPN.sys,SoftEtherVPN,Defense Evasion,greyware_tool,medium,https://github.com/SoftEtherVPN/SoftEtherVPN,https://github.com/mthcht/ThreatHunting-Keywords/blob/main/tools/R-T/SoftEtherVPN.csv
VPN Client Device Driver - VPN,,SoftEtherVPN,Defense Evasion,greyware_tool,medium,https://github.com/SoftEtherVPN/SoftEtherVPN,https://github.com/mthcht/ThreatHunting-Keywords/blob/main/tools/R-T/SoftEtherVPN.csv
SEVPNCLIENTDEV,*\Program Files\SoftEther VPN Client Developer Edition\vpnclient.exe*,SoftEtherVPN,Defense Evasion,greyware_tool,medium,https://github.com/SoftEtherVPN/SoftEtherVPN,https://github.com/mthcht/ThreatHunting-Keywords/blob/main/tools/R-T/SoftEtherVPN.csv
SoftEther VPN*,,SoftEtherVPN,Defense Evasion,greyware_tool,medium,https://github.com/SoftEtherVPN/SoftEtherVPN,https://github.com/mthcht/ThreatHunting-Keywords/blob/main/tools/R-T/SoftEtherVPN.csv
ITSMService,,ComodoRMM (Itarian RMM),RMM,greyware_tool,high,https://us.itarian.com/app/#/licensed-applications/endpoint_manager/device_management,https://github.com/mthcht/ThreatHunting-Keywords/blob/main/tools/A-C/ComodoRMM.csv
ItsmRsp,,ComodoRMM (Itarian RMM),RMM,greyware_tool,high,https://us.itarian.com/app/#/licensed-applications/endpoint_manager/device_management,https://github.com/mthcht/ThreatHunting-Keywords/blob/main/tools/A-C/ComodoRMM.csv
RmmService,,ComodoRMM (Itarian RMM),RMM,greyware_tool,high,https://us.itarian.com/app/#/licensed-applications/endpoint_manager/device_management,https://github.com/mthcht/ThreatHunting-Keywords/blob/main/tools/A-C/ComodoRMM.csv
AlpemixSrvcx,,Alpemix,RMM,greyware_tool,high,connect to your unattended PC from anywhere https://www.alpemix.com,https://github.com/mthcht/ThreatHunting-Keywords/blob/main/tools/A-C/Alpemix.csv
MakeMeAdmin,,MakeMeAdmin,Privilege Escalation,offensive_tool,high,Enables users to elevate themselves to administrator-level rights https://github.com/pseymour/MakeMeAdmin/blob/18ea04be3dbc6e7cab8096558a3b02ef8f8682f6/Service/ProjectInstaller.Designer.cs#L63,https://github.com/mthcht/ThreatHunting-Keywords/blob/main/tools/L-N/MakeMeAdmin.csv
maint,,impacketremoteshell,Lateral Movement,offensive_tool,high,default service name installed https://github.com/trustedsec/The_Shelf/blob/feaece2bf00ba0ff46b39cadbd06803be1114d7a/POC/impacketremoteshell/RemoteMaint/main.cpp#L108,https://github.com/mthcht/ThreatHunting-Keywords/blob/main/tools/R-T/impacketremoteshell.csv
ProcExp,,DriverDump,Persistence,offensive_tool,critical,This program configures and loads a Windows service to manage a driver https://github.com/trustedsec/The_Shelf/blob/feaece2bf00ba0ff46b39cadbd06803be1114d7a/POC/driverdump/DriverDump/DriverDump.c#L45,https://github.com/mthcht/ThreatHunting-Keywords/blob/main/tools/D-F/DriverDump.csv
aswSP_ArPot1,,killProcessPOC,Defense Evasion,offensive_tool,high,abused by MONTI ransomware,https://github.com/timwhitez/killProcessPOC - https://github.com/mthcht/ThreatHunting-Keywords/tree/main/tools/I-K/killProcessPOC.csv - https://www.withsecure.com/content/dam/with-secure/en/resources/WS_Professionalisation_of_CyberCrime_EN.pdf
aswSP_ArPot2,,killProcessPOC,Defense Evasion,offensive_tool,high,abused by MONTI ransomware,https://github.com/timwhitez/killProcessPOC - https://github.com/mthcht/ThreatHunting-Keywords/tree/main/tools/I-K/killProcessPOC.csv - https://www.withsecure.com/content/dam/with-secure/en/resources/WS_Professionalisation_of_CyberCrime_EN.pdf
aswSP_ArPot3,,killProcessPOC,Defense Evasion,offensive_tool,high,abused by MONTI ransomware,https://github.com/timwhitez/killProcessPOC - https://github.com/mthcht/ThreatHunting-Keywords/tree/main/tools/I-K/killProcessPOC.csv - https://www.withsecure.com/content/dam/with-secure/en/resources/WS_Professionalisation_of_CyberCrime_EN.pdf
aswSP_ArPots,,killProcessPOC,Defense Evasion,offensive_tool,high,abused by MONTI ransomware,https://github.com/timwhitez/killProcessPOC - https://github.com/mthcht/ThreatHunting-Keywords/tree/main/tools/I-K/killProcessPOC.csv - https://www.withsecure.com/content/dam/with-secure/en/resources/WS_Professionalisation_of_CyberCrime_EN.pdf
UACBypassedService,,S4UTomato & KRBUACBypass,Privilege Escalation,offensive_tool,critical,https://github.com/wh0amitz/S4UTomato/blob/c709a2997efb1b30375c5134ff57eb49ec177918/S4UTomato/lib/KrbSCM.cs#L10 - https://github.com/wh0amitz/KRBUACBypass/blob/e2ad3ff8b5810dda0b2d75442f1c67aef7e3c4c1/KRBUACBypass/lib/KrbSCM.cs#L10,https://github.com/mthcht/ThreatHunting-Keywords/blob/main/tools/R-T/S4UTomato.csv
REPLACE_ME_DummyServiceName,,netexec,Credential Access,offensive_tool,critical,https://github.com/Pennyw0rth/NetExec/blob/b855dac2b696ea1b744f10a0573c6b394670a5cb/nxc/data/keepass_trigger_module/RestartKeePass.ps1#L4,https://github.com/mthcht/ThreatHunting-Keywords/blob/main/tools/L-N/NetExec.csv
wsc_proxy,,no_defender,Defense Evasion,offensive_tool,low,technique observed with the tool no_defender https://github.com/es3n1n/no-defender - subject to false positives if avast is installed,https://github.com/mthcht/ThreatHunting-Keywords/blob/main/tools/L-N/no_defender.csv	
BadWindowsService,,BadWindowsService,Privilege Escalation,offensive_tool,critical,https://github.com/eladshamir/BadWindowsService/blob/a7057720763fceaa7cbac9088d4c69b43d17a28f/BadWindowsService/ProjectInstaller.Designer.cs#L44,https://github.com/mthcht/ThreatHunting-Keywords/tree/main/tools/A-C/BadWindowsService.csv
Shadowsocks Local Service,,Shadowsocks,C2,greyware_tool,high,https://github.com/shadowsocks/shadowsocks-rust/blob/846752866e0b52c3d93efa2036204eadc36cc696/README.md?plain=1#L458,https://github.com/mthcht/ThreatHunting-Keywords/blob/main/tools/R-T/shadowsocks.csv
shadowsocks-local-service,,Shadowsocks,C2,greyware_tool,high,https://github.com/shadowsocks/shadowsocks-rust/blob/846752866e0b52c3d93efa2036204eadc36cc696/README.md?plain=1#L458,https://github.com/mthcht/ThreatHunting-Keywords/blob/main/tools/R-T/shadowsocks.csv
*sharpsploit*,,sharpsploit,Lateral Movement,offensive_tool,critical,https://github.com/mthcht/ThreatHunting-Keywords/blob/main/tools/R-T/SharpSploit.csv,https://github.com/cobbr/SharpSploit/blob/c16931ddb8cd2335e0bd26feb9aaa35f449d48db/SharpSploit/LateralMovement/SCM.cs#L209
meshNotificationServer,,meshcentral,RMM,greyware_tool,high,,https://github.com/mthcht/ThreatHunting-Keywords/blob/main/tools/L-N/meshcentral.csv
Mesh,,meshcentral,RMM,greyware_tool,medium,\CurrentControlSet\Services\Mesh,https://github.com/mthcht/ThreatHunting-Keywords/blob/main/tools/L-N/meshcentral.csv	
MeshCommander,,meshcentral,RMM,greyware_tool,medium,https://github.com/mthcht/ThreatHunting-Keywords/blob/main/tools/L-N/meshcentral.csv,https://github.com/mthcht/ThreatHunting-Keywords/blob/main/tools/L-N/meshcentral.csv	
Mesh Agent,,meshcentral,RMM,greyware_tool,medium,\CurrentControlSet\\Services\\Mesh Agent,https://github.com/mthcht/ThreatHunting-Keywords/blob/main/tools/L-N/meshcentral.csv	
Mesh Agent Service,,meshcentral,RMM,greyware_tool,medium,https://github.com/Ylianst/MeshCentral/blob/65d1346e062ae35e114caa54733c3d0bb07a62a1/docs/docs/meshcentral/customization.md?plain=1#L81,https://github.com/mthcht/ThreatHunting-Keywords/blob/main/tools/L-N/meshcentral.csv	
MeshCentral,,meshcentral,RMM,greyware_tool,medium,https://meshcentral.com/,https://github.com/mthcht/ThreatHunting-Keywords/blob/main/tools/L-N/meshcentral.csv	
meshcentral.exe,"C:\Program Files\Open Source\MeshCentral\winservice\daemon\meshcentral.exe",meshcentral,RMM,greyware_tool,medium,https://meshcentral.com/,https://github.com/mthcht/ThreatHunting-Keywords/blob/main/tools/L-N/meshcentral.csv	
DWAgent,*:\Program Files\DWAgent\native\dwagsvc.exe,DWAgent,RMM,greyware_tool,high,command observed: C:\Program Files\DWAgent\native\dwagsvc.exe run,https://github.com/mthcht/ThreatHunting-Keywords/blob/main/tools/D-F/dwagent.csv
TightVNC Server,,TightVNC,RMM,greyware_tool,high,C:\Program Files (x86)\TightVNC\tvnserver.exe -service,https://github.com/mthcht/ThreatHunting-Keywords/blob/main/tools/R-T/tightvnc.csv
tvnserver,*:\Program Files (x86)\TightVNC\tvnserver.exe,TightVNC,RMM,greyware_tool,high,C:\Program Files (x86)\TightVNC\tvnserver.exe -service,https://github.com/mthcht/ThreatHunting-Keywords/blob/main/tools/R-T/tightvnc.csv
CyberGhost Tunnel Client: CyberGhost-WireGuard-1,,CyberGhostVPN,VPN,greyware_tool,high,https://www.cyberghostvpn.com/,https://github.com/mthcht/ThreatHunting-Keywords/blob/main/tools/A-C/CyberGhost%20VPN.csv
CyberGhostTunnel$CyberGhost-WireGuard-1,,CyberGhostVPN,VPN,greyware_tool,high,https://www.cyberghostvpn.com/ - command: \Program Files\CyberGhost 8\Applications\VPN\WGHelper.exe /service C:\Windows\system32\config\systemprofile\AppData\Local\CyberGhost\WGSession-1\CyberGhost-WireGuard-1.conf,https://github.com/mthcht/ThreatHunting-Keywords/blob/main/tools/A-C/CyberGhost%20VPN.csv
CyberGhost 8 Service,,CyberGhostVPN,VPN,greyware_tool,high,https://www.cyberghostvpn.com/,https://github.com/mthcht/ThreatHunting-Keywords/blob/main/tools/A-C/CyberGhost%20VPN.csv
CyberGhost 7 Service,,CyberGhostVPN,VPN,greyware_tool,high,https://www.cyberghostvpn.com/,https://github.com/mthcht/ThreatHunting-Keywords/blob/main/tools/A-C/CyberGhost%20VPN.csv
CyberGhost 6 Service,,CyberGhostVPN,VPN,greyware_tool,high,https://www.cyberghostvpn.com/,https://github.com/mthcht/ThreatHunting-Keywords/blob/main/tools/A-C/CyberGhost%20VPN.csv
CyberGhost8Service,,CyberGhostVPN,VPN,greyware_tool,high,https://www.cyberghostvpn.com/ - command: C:\Program Files\CyberGhost 8\Dashboard.Service.exe,https://github.com/mthcht/ThreatHunting-Keywords/blob/main/tools/A-C/CyberGhost%20VPN.csv
CyberGhost7Service,,CyberGhostVPN,VPN,greyware_tool,high,https://www.cyberghostvpn.com/ - command: C:\Program Files\CyberGhost 7\Dashboard.Service.exe,https://github.com/mthcht/ThreatHunting-Keywords/blob/main/tools/A-C/CyberGhost%20VPN.csv
CyberGhost6Service,,CyberGhostVPN,VPN,greyware_tool,high,https://www.cyberghostvpn.com/ - command: C:\Program Files\CyberGhost 6\Dashboard.Service.exe,https://github.com/mthcht/ThreatHunting-Keywords/blob/main/tools/A-C/CyberGhost%20VPN.csv
KrbSCM,,KrbRelayUp,Privilege Escalation,offensive_tool,critical,https://github.com/Dec0ne/KrbRelayUp/blob/e919f78afbacdb2c2e86f17267674069a377011c/README.md?plain=1#L90,https://github.com/mthcht/ThreatHunting-Keywords/blob/main/tools/I-K/KrbRelayUp.csv
BASupportExpressSrvcUpdater_Dameware,*\Dameware Remote Everywhere Agent\BASupSrvcUpdater.exe,Dameware,RMM,greyware_tool,high,https://www.solarwinds.com/dameware,https://github.com/mthcht/ThreatHunting-Keywords/blob/main/tools/D-F/Dameware.csv
Dameware Remote Everywhere Updater,,Dameware,RMM,greyware_tool,high,https://www.solarwinds.com/dameware,https://github.com/mthcht/ThreatHunting-Keywords/blob/main/tools/D-F/Dameware.csv
BASupportExpressStandaloneService_Dameware,*\Dameware Remote Everywhere Agent\BASupSrvc.exe,Dameware,RMM,greyware_tool,high,https://www.solarwinds.com/dameware,https://github.com/mthcht/ThreatHunting-Keywords/blob/main/tools/D-F/Dameware.csv
Dameware Remote Everywhere,,Dameware,RMM,greyware_tool,medium,https://www.solarwinds.com/dameware,https://github.com/mthcht/ThreatHunting-Keywords/blob/main/tools/D-F/Dameware.csv
ShTemporaryService1*,,SimpleHelp,RMM,greyware_tool,high,SimpleHelp RMM https://simple-help.com,https://github.com/mthcht/ThreatHunting-Keywords/blob/main/tools/R-T/SimpleHelp.csv
Remote Access Service,*\SimpleService.exe,SimpleHelp,RMM,greyware_tool,medium,SimpleHelp RMM https://simple-help.com,https://github.com/mthcht/ThreatHunting-Keywords/blob/main/tools/R-T/SimpleHelp.csv
SimpleHelp Server Service,,SimpleHelp,RMM,greyware_tool,medium,SimpleHelp RMM https://simple-help.com,https://github.com/mthcht/ThreatHunting-Keywords/blob/main/tools/R-T/SimpleHelp.csv
SimpleHelp Server,*\SimpleService.exe,SimpleHelp,RMM,greyware_tool,medium,SimpleHelp RMM https://simple-help.com,https://github.com/mthcht/ThreatHunting-Keywords/blob/main/tools/R-T/SimpleHelp.csv
VSA X,*\PCMonitorSrv.exe,Kaseya VSA,RMM,greyware_tool,high,VSA RMM service name https://www.kaseya.com/products/vsa/,https://github.com/mthcht/ThreatHunting-Keywords/blob/main/tools/I-K/kaseya%20VSA.csv
VSAX,,Kaseya VSA,RMM,greyware_tool,high,VSA RMM service name https://www.kaseya.com/products/vsa/,https://github.com/mthcht/ThreatHunting-Keywords/blob/main/tools/I-K/kaseya%20VSA.csv
RPCPerformanceService,*\RPCPerformanceService.exe,RemotePC,RMM,greyware_tool,high,https://www.remotedesktop.com/ or remotepc.com,https://github.com/mthcht/ThreatHunting-Keywords/blob/main/tools/R-T/RemotePC.csv
RemotePC Performance Service,,RemotePC,RMM,greyware_tool,medium,https://www.remotedesktop.com/ or remotepc.com,https://github.com/mthcht/ThreatHunting-Keywords/blob/main/tools/R-T/RemotePC.csv
RemotePCAttendedService,,RemotePC,RMM,greyware_tool,medium,https://www.remotedesktop.com/ or remotepc.com,https://github.com/mthcht/ThreatHunting-Keywords/blob/main/tools/R-T/RemotePC.csv
RPCService,*\RemotePCService.exe,RemotePC,RMM,greyware_tool,medium,https://www.remotedesktop.com/ or remotepc.com,https://github.com/mthcht/ThreatHunting-Keywords/blob/main/tools/R-T/RemotePC.csv
ViewerService,*\ViewerService.exe,RemotePC,RMM,greyware_tool,medium,https://www.remotedesktop.com/ or remotepc.com,https://github.com/mthcht/ThreatHunting-Keywords/blob/main/tools/R-T/RemotePC.csv
PC Monitor,*\PCMonitorSrv.exe,Pulseway,RMM,greyware_tool,medium,https://www.pulseway.com/,https://github.com/mthcht/ThreatHunting-Keywords/blob/main/tools/O-Q/Pulseway.csv
Pulseway,*\PCMonitorSrv.exe,Pulseway,RMM,greyware_tool,medium,https://www.pulseway.com/,https://github.com/mthcht/ThreatHunting-Keywords/blob/main/tools/O-Q/Pulseway.csv
Client32,*\NetSupport\*\client32.exe,NetSupport,RMM,greyware_tool,high,False positives expected,https://github.com/mthcht/ThreatHunting-Keywords/blob/main/tools/L-N/NetSupport.csv
c3pool_miner,,xmrig,Cryptominer,greyware_tool,critical,https://github.com/C3Pool/xmrig_setup/blob/82c4e9bf7ee3c0c9cd925ede6e46e9ed4cc5f195/setup_c3pool_miner.bat#L380,https://github.com/mthcht/ThreatHunting-Keywords/blob/main/tools/X-Z/xmrig.csv
tacticalrmm,,tacticalrmm,RMM,greyware_tool,medium,https://github.com/amidaware/tacticalrmm/blob/6855493b2f1e1e46455325d98ffeb841071d1a98/api/tacticalrmm/core/installer.ps1#L16,https://github.com/mthcht/ThreatHunting-Keywords/blob/main/tools/X-Z/xmrig.csv
Supremo,*\Program Files (x86)\Supremo\SupremoService.exe,Supremo,RMM,greyware_tool,medium,https://www.supremocontrol.com,https://github.com/mthcht/ThreatHunting-Keywords/blob/main/tools/R-T/Supremo.csv
SupremoService,*\Program Files (x86)\Supremo\SupremoService.exe,Supremo,RMM,greyware_tool,medium,https://www.supremocontrol.com,https://github.com/mthcht/ThreatHunting-Keywords/blob/main/tools/R-T/Supremo.csv
UltraViewService,,UltraViewer,RMM,greyware_tool,medium,service name used by UltraViewer RAT,https://github.com/mthcht/awesome-lists
uvnc_service,*\WinVNC.exe*,UltraVNC,RMM,greyware_tool,medium,https://uvnc.com/downloads/ultravnc.html,https://github.com/mthcht/ThreatHunting-Keywords/blob/main/tools/U-W/UltraVNC.csv
WinVNC*,,RealVNC,RMM,greyware_tool,medium,service name used by RealVNC RAT,https://github.com/mthcht/awesome-lists
3proxy,,3proxy,Defense Evasion,offensive_tool,medium,https://github.com/3proxy/3proxy/blob/a80bef9ecf0c0ed98ccb1a1a764f6b79a620b78f/src/stringtable.c#L14,https://github.com/mthcht/ThreatHunting-Keywords/blob/main/tools/_Others/3proxy.csv
chopper,,TChopper,Lateral Movement,offensive_tool,critical,https://github.com/lawrenceamer/TChopper/blob/f7383a36af813019ebefb70803dc82a842ed9273/chopper.lpr#L237C25-L237C34,https://github.com/mthcht/ThreatHunting-Keywords/blob/main/tools/R-T/Tchopper.csv
final_seg,,TChopper,Lateral Movement,offensive_tool,critical,https://github.com/lawrenceamer/TChopper/blob/f7383a36af813019ebefb70803dc82a842ed9273/chopper.lpr#L237C25-L237C34,https://github.com/mthcht/ThreatHunting-Keywords/blob/main/tools/R-T/Tchopper.csv
RustDesk Service,,RustDesk,RMM,greyware_tool,high,https://github.com/rustdesk/rustdesk,https://github.com/mthcht/ThreatHunting-Keywords/blob/main/tools/R-T/RustDesk.csv
RustDesk,,RustDesk,RMM,greyware_tool,high,https://github.com/rustdesk/rustdesk,https://github.com/mthcht/ThreatHunting-Keywords/blob/main/tools/R-T/RustDesk.csv
OpenSSH SSH Server,,OpenSSH Server,C2,greyware_tool,high,,https://github.com/mthcht/ThreatHunting-Keywords/blob/main/tools/O-Q/Openssh.csv
sshd,,OpenSSH Server,C2,greyware_tool,high,https://github.com/PowerShell/openssh-portable/blob/661803c9ec4d7dee6574eb6ff0c85b2b7006edb1/contrib/win32/openssh/install-sshd.ps1#L137C1-L138C1,https://github.com/mthcht/ThreatHunting-Keywords/blob/main/tools/O-Q/Openssh.csv
AeroadminService,*AeroAdmin.exe*,AeroAdmin,RMM,greyware_tool,medium,https://ulm.aeroadmin.com/AeroAdmin.exe,https://github.com/mthcht/ThreatHunting-Keywords/blob/main/tools/A-C/aeroadmin.csv
AmmyyAdmin,,AmmyyAdmin,RMM,greyware_tool,medium,,https://github.com/mthcht/ThreatHunting-Keywords/blob/main/tools/A-C/Ammyy%20Admin.csv
Ammyy Admin,,AmmyyAdmin,RMM,greyware_tool,medium,,https://github.com/mthcht/ThreatHunting-Keywords/blob/main/tools/A-C/Ammyy%20Admin.csv
,*\tmp\*,others,Defense Evasions,greyware_tool,medium,suspicious paths,https://github.com/mthcht/awesome-lists
,*\Temp\*,others,Defense Evasions,greyware_tool,medium,suspicious paths,https://github.com/mthcht/awesome-lists
,*\Users\Public\*,suspicious path,Defense Evasions,greyware_tool,critical,suspicious paths,https://github.com/mthcht/awesome-lists
*mimidrv*,,mimidrv,Credential Access,offensive_tool,critical,,https://github.com/mthcht/awesome-lists
*mimikatz*,,mimidrv,Credential Access,offensive_tool,critical,,https://github.com/mthcht/awesome-lists
,*%COMSPEC%*,cobaltsrike & meterpreter beacon,C2,offensive_tool,critical,,https://github.com/mthcht/awesome-lists
,*cmd.exe*,cobaltsrike & meterpreter beacon,C2,offensive_tool,critical,,https://github.com/mthcht/awesome-lists
,*echo*\pipe\*,cobaltsrike & meterpreter beacon,C2,offensive_tool,critical,,https://github.com/mthcht/awesome-lists
,\\127.0.0.1\ADMIN$\*,cobaltstrike beacon,C2,offensive_tool,critical,,https://github.com/mthcht/awesome-lists
AnyDesk Service,,anydesk,RMM,greyware_tool,medium,,https://github.com/mthcht/ThreatHunting-Keywords/blob/main/tools/A-C/anydesk.csv
AnyDesk,,anydesk,RMM,greyware_tool,medium,,https://github.com/mthcht/ThreatHunting-Keywords/blob/main/tools/A-C/anydesk.csv
AnyDeskMSI,,anydesk,RMM,greyware_tool,medium,,https://github.com/mthcht/ThreatHunting-Keywords/blob/main/tools/A-C/anydesk.csv
Action1 Agent,,Action1,RMM,greyware_tool,high,,https://github.com/mthcht/ThreatHunting-Keywords/blob/main/tools/A-C/action1.csv
A1Agent,,Action1,RMM,greyware_tool,high,,https://github.com/mthcht/ThreatHunting-Keywords/blob/main/tools/A-C/action1.csv
AteraAgent,,ateragent,RMM,greyware_tool,medium,,https://github.com/mthcht/ThreatHunting-Keywords/blob/main/tools/A-C/Atera.csv
BTOBTO,,smbExec,Lateral Movement,offensive_tool,critical,,https://github.com/mthcht/ThreatHunting-Keywords/blob/main/tools/I-K/impacket.csv
CreatSvcRpc_*,,CreateSvcRpc,Privilege Escalation,offensive_tool,critical,,https://github.com/mthcht/ThreatHunting-Keywords/blob/main/tools/R-T/SspiUacBypass.csv
DWAgent Service,,DWService,RMM,greyware_tool,medium,,https://github.com/mthcht/ThreatHunting-Keywords/blob/main/tools/D-F/dwagent.csv
GoToMyPC,*g2svc.exe*,GoToMyPC,RMM,greyware_tool,high,,https://github.com/mthcht/ThreatHunting-Keywords/blob/main/tools/E-H/GoToMyPC.csv
GoodSync Server,,goodync,Data Exfiltration,greyware_tool,high,,https://www.goodsync.com/
KrbSCM,,S4UTomato,Privilege Escalation,offensive_tool,critical,,https://github.com/mthcht/ThreatHunting-Keywords/blob/main/tools/R-T/S4UTomato.csv
LMIGuardianSvc,*LMIGuardianSvc.exe*,LogMeIn,RMM,greyware_tool,high,,https://github.com/mthcht/ThreatHunting-Keywords/blob/main/tools/L-N/LogMeIn.csv
LMIMaint,,LogMeIn,RMM,greyware_tool,high,,https://github.com/mthcht/ThreatHunting-Keywords/blob/main/tools/L-N/LogMeIn.csv
CorpVPN,,UacMe,Persistence,offensive_tool,critical,https://github.com/r00t-3xp10it/redpill/blob/611d39b8bff717ac84d58550dc04e1b312acb19e/bin/UacMe.ps1#L291,https://github.com/mthcht/ThreatHunting-Keywords/blob/main/tools/R-T/redpill.csv
LogMeIn Engine Maintenance Service,*ramaint.exe*,LogMeIn,RMM,greyware_tool,medium,,https://github.com/mthcht/ThreatHunting-Keywords/blob/main/tools/L-N/LogMeIn.csv
LogMeIn Kernel Information Provider,*LMIInfo.sys*,LogMeIn,RMM,greyware_tool,medium,,https://github.com/mthcht/ThreatHunting-Keywords/blob/main/tools/L-N/LogMeIn.csv
LogMeIn Maintenance Service,*RaMaint.exe*,LogMeIn,RMM,greyware_tool,medium,,https://github.com/mthcht/ThreatHunting-Keywords/blob/main/tools/L-N/LogMeIn.csv
LogMeIn Remote File System Driver,*LMIRfsDriver.sys*,LogMeIn,RMM,greyware_tool,medium,,https://github.com/mthcht/ThreatHunting-Keywords/blob/main/tools/L-N/LogMeIn.csv
LogMeIn,*LogMeIn.exe*,LogMeIn,RMM,greyware_tool,high,,https://github.com/mthcht/ThreatHunting-Keywords/blob/main/tools/L-N/LogMeIn.csv
MagnetRAMCapture Driver,,MAGNET RAM Capture,Credential Access,greyware_tool,critical,,https://startupstash.com/tools/magnet-ram-capture/
Mesh Agent,,MeshAgent,RMM,greyware_tool,high,,https://github.com/Ylianst/MeshAgent
Meterpreter,,metasploit,C2,offensive_tool,critical,,https://github.com/mthcht/ThreatHunting-Keywords/blob/main/tools/L-N/metasploit.csv
NovaPdf11Server,,GoToMyPC bundled program,RMM,greyware_tool,info,,https://github.com/mthcht/ThreatHunting-Keywords/blob/main/tools/E-H/GoToMyPC.csv
Npcap Packet Driver (NPCAP),,NpCap Windows Packet Capture Library & Driver,Collection,greyware_tool,low,,https://github.com/nmap/npcap
PAExec-*,,paexec,Lateral Movement,offensive_tool,critical,,https://github.com/mthcht/ThreatHunting-Keywords/blob/main/tools/O-Q/PAExec.csv
PAExec,,paexec,Lateral Movement,offensive_tool,critical,,https://github.com/mthcht/ThreatHunting-Keywords/blob/main/tools/O-Q/PAExec.csv
PC Monitor,*PCMonitorSrv.exe*,Pulseway,RMM,greyware_tool,high,,https://github.com/mthcht/ThreatHunting-Keywords/blob/main/tools/O-Q/Pulseway.csv
PPLBlade,,pplblade,Defense Evasion,offensive_tool,critical,,https://github.com/mthcht/ThreatHunting-Keywords/blob/main/tools/O-Q/PPLBlade.csv
PSEXESVC,*PSEXESVC.exe*,psexec,Lateral Movement,greyware_tool,high,,https://github.com/mthcht/ThreatHunting-Keywords/blob/main/tools/O-Q/psexec.csv
Pulseway,,Pulseway,RMM,greyware_tool,medium,,https://github.com/mthcht/ThreatHunting-Keywords/blob/main/tools/O-Q/Pulseway.csv
Radmin Server*,,Radmin,RMM,greyware_tool,high,,https://github.com/mthcht/ThreatHunting-Keywords/blob/main/tools/R-T/Radmin.csv
RemCom Service,,RemCom.exe,Lateral movement,offensive_tool,high,,https://github.com/kavika13/RemCom
RustDesk Service,,RustDesk,RMM,greyware_tool,high,,https://github.com/mthcht/ThreatHunting-Keywords/blob/main/tools/R-T/RustDesk.csv
Chrome Remote Desktop Service,*remoting_host.exe,Chrome Remote Desktop,RMM,greyware_tool,medium,service name,https://github.com/mthcht/ThreatHunting-Keywords/blob/main/tools/E-H/Google%20Remote%20Desktop.csv
Service Bureau à distance Google Chrome,*remoting_host.exe,Chrome Remote Desktop,RMM,greyware_tool,medium,french service name,https://github.com/mthcht/ThreatHunting-Keywords/blob/main/tools/E-H/Google%20Remote%20Desktop.csv
chromoting,,Chrome Remote Desktop,RMM,greyware_tool,medium,usually located in C:\Program Files (x86)\Google\Chrome Remote Desktop\*\remoting_host.exe,https://github.com/mthcht/ThreatHunting-Keywords/blob/main/tools/E-H/Google%20Remote%20Desktop.csv
ScreenConnect Client*,,ConnectWise,RMM,greyware_tool,medium,,https://github.com/mthcht/ThreatHunting-Keywords/blob/main/tools/R-T/ScreenConnect.csv
ScreenConnect Session Manager,ScreenConnect.Service.exe,ConnectWise,RMM,greyware_tool,medium,,https://github.com/mthcht/ThreatHunting-Keywords/blob/main/tools/R-T/ScreenConnect.csv
ScreenConnect Relay,*\ScreenConnect.Service.exe,ConnectWise,RMM,greyware_tool,medium,,https://github.com/mthcht/ThreatHunting-Keywords/blob/main/tools/R-T/ScreenConnect.csv
ScreenConnect Security Manager,*\ScreenConnect.Service.exe,ConnectWise,RMM,greyware_tool,medium,,https://github.com/mthcht/ThreatHunting-Keywords/blob/main/tools/R-T/ScreenConnect.csv
ScreenConnect Web Server,*\ScreenConnect.Service.exe,ConnectWise,RMM,greyware_tool,medium,,https://github.com/mthcht/ThreatHunting-Keywords/blob/main/tools/R-T/ScreenConnect.csv
Splashtop Software Updater Service,,splashtop,RMM,greyware_tool,medium,,https://github.com/mthcht/ThreatHunting-Keywords/blob/main/tools/R-T/Splashtop.csv
SplashtopRemoteService,,splashtop,RMM,greyware_tool,medium,,https://github.com/mthcht/ThreatHunting-Keywords/blob/main/tools/R-T/Splashtop.csv
Splashtop® Remote Service,,splashtop,RMM,greyware_tool,medium,,https://github.com/mthcht/ThreatHunting-Keywords/blob/main/tools/R-T/Splashtop.csv
SplashtopAutoUpdateService,,splashtop,RMM,greyware_tool,medium,,https://github.com/mthcht/ThreatHunting-Keywords/blob/main/tools/R-T/Splashtop.csv
SplashtopRemoteService,,splashtop,RMM,greyware_tool,medium,,https://github.com/mthcht/ThreatHunting-Keywords/blob/main/tools/R-T/Splashtop.csv
Supremo,,SupRemo,RMM,greyware_tool,medium,,https://github.com/mthcht/ThreatHunting-Keywords/blob/main/tools/R-T/Supremo.csv
TacticalRMM Agent Service,,tacticalrmm,RMM,greyware_tool,medium,,https://github.com/mthcht/ThreatHunting-Keywords/blob/main/tools/R-T/tacticalrmm.csv
TeamViewer*,*TeamViewer_Service.exe,TeamViewer,RMM,greyware_tool,medium,,https://github.com/mthcht/ThreatHunting-Keywords/blob/main/tools/R-T/teamviewer.csv
TeamViewer VPN Adapter,,TeamViewer,RMM,greyware_tool,medium,,https://github.com/mthcht/ThreatHunting-Keywords/blob/main/tools/R-T/teamviewer.csv
TightVNC Server,,TightVNCServer,RMM,greyware_tool,medium,,https://github.com/mthcht/ThreatHunting-Keywords/blob/main/tools/R-T/tightvnc.csv
tvnserver,,TightVNCServer,RMM,greyware_tool,medium,tvnserver.exe used by TightVNC server,https://github.com/mthcht/ThreatHunting-Keywords/blob/main/tools/R-T/tightvnc.csv
WCESERVICE,,wce,Lateral Movement,greyware_tool,medium,,https://github.com/mthcht/ThreatHunting-Keywords/blob/main/tools/U-W/wce.csv
WRBoot,,Webroot SecureAnywhere,RMM,greyware_tool,medium,,https://github.com/mthcht/ThreatHunting-Keywords/blob/main/tools/I-K/kaseya%20VSA.csv
WRCore,,Webroot SecureAnywhere,RMM,greyware_tool,medium,,https://github.com/mthcht/ThreatHunting-Keywords/blob/main/tools/I-K/kaseya%20VSA.csv
WRCoreService,,Webroot SecureAnywhere,RMM,greyware_tool,medium,,https://github.com/mthcht/ThreatHunting-Keywords/blob/main/tools/I-K/kaseya%20VSA.csv
WRSMSVC,,Webroot SecureAnywhere,RMM,greyware_tool,medium,,https://github.com/mthcht/ThreatHunting-Keywords/blob/main/tools/I-K/kaseya%20VSA.csv
WRSVC,,Webroot SecureAnywhere,RMM,greyware_tool,medium,,https://github.com/mthcht/ThreatHunting-Keywords/blob/main/tools/I-K/kaseya%20VSA.csv
WRSkyClient,,Webroot SecureAnywhere,RMM,greyware_tool,medium,,https://github.com/mthcht/ThreatHunting-Keywords/blob/main/tools/I-K/kaseya%20VSA.csv
WRkrn,,Webroot SecureAnywhere,RMM,greyware_tool,high,,https://github.com/mthcht/ThreatHunting-Keywords/blob/main/tools/I-K/kaseya%20VSA.csv
Webroot Core Driver,,Webroot SecureAnywhere,RMM,greyware_tool,high,,https://github.com/mthcht/ThreatHunting-Keywords/blob/main/tools/I-K/kaseya%20VSA.csv
WinRing0_*,,xmrig,Cryptomining,greyware_tool,critical,,https://github.com/mthcht/ThreatHunting-Keywords/blob/main/tools/X-Z/xmrig.csv
dcrypt,,DiskCryptor,Impact,offensive_tool,critical,,https://github.com/mthcht/ThreatHunting-Keywords/blob/main/tools/D-F/DiskCryptor.csv
monblanking,,GoToMyPC bundled program,RMM,greyware_tool,info,,https://github.com/mthcht/ThreatHunting-Keywords/blob/main/tools/E-H/GoToMyPC.csv
novaPDF 11 Server,*novapdfs.exe*,GoToMyPC bundled program,RMM,greyware_tool,info,,https://github.com/mthcht/ThreatHunting-Keywords/blob/main/tools/E-H/GoToMyPC.csv
PWDumpX Service,,PWDumpX,Credential Access,offensive_tool,critical,,https://github.com/mthcht/ThreatHunting-Keywords/blob/main/tools/O-Q/PWDumpX.csv
pwdump*,,PWDumpX,Credential Access,offensive_tool,critical,,https://github.com/mthcht/ThreatHunting-Keywords/blob/main/tools/O-Q/pwdump.csv
sliver*,,sliver,C2,offensive_tool,critical,,https://github.com/mthcht/ThreatHunting-Keywords/blob/main/tools/R-T/sliver.csv
metsvc,metsvc-server.exe,Metasploit server,Exploitation,offensive_tool,critical,,https://github.com/mthcht/ThreatHunting-Keywords/blob/main/tools/L-N/metasploit.csv
windows_monitoring,,social-engineer-toolkit persistence payload,Persistence,offensive_tool,high,,https://github.com/mthcht/ThreatHunting-Keywords/blob/main/tools/R-T/social-engineer-toolkit.csv
TestService,,SharpyStay default,Persistence,offensive_tool,critical,,https://github.com/antonioCoco/SharPyShell/blob/29718225791f11fd3d66dd03df4c05c414256630/modules/ps_modules/Get-System.ps1#L89
TestSVC,,SharpyShell - Get-System.ps1 default service name,Privilege Escalation,offensive_tool,critical,,https://github.com/antonioCoco/SharPyShell/blob/29718225791f11fd3d66dd03df4c05c414256630/modules/ps_modules/Get-System.ps1#L89
sesshijack,,atomic-red-team test T1563.002,Persistence,offensive_tool,high,,https://github.com/redcanaryco/atomic-red-team/blob/master/atomics/T1563.002/T1563.002.md?plain=1
PowerUpService,,PowerSploit Privesc.tests.ps1,Privilege Escalation,offensive_tool,critical,,https://github.com/PowerShellMafia/PowerSploit/blob/master/Tests/Privesc.tests.ps1
NoRebootSvc,NoReboot.exe,PSBits NoReboot.c,,offensive_tool,high,,https://github.com/gtworek/PSBits/blob/master/NoRebootSvc/readme.md
Service_*,,PsMapExec,Lateral Movement,offensive_tool,critical,PsMapExec creating services regex detection: Service_[A-Za-z]{16},https://github.com/The-Viper-One/PsMapExec/blob/0ae7a6967c07bf3ebf555e665d4c43ce86c6addf/PsMapExec.ps1#L1488
dnsproxy,,dns-proxy,Defense Evasion,offensive_tool,critical,dnsproxy service,https://github.com/AdguardTeam/dnsproxy/pull/194/files
RandomService,,Invoke-SMBRemoting,Lateral Movement,offensive_tool,critical,Invoke-SMBRemoting service example,https://github.com/Leo4j/Amnesiac/blob/216ba3a280bf49ea3f5b1afab80f843bbde3548d/Tools/Invoke-SMBRemoting.ps1#L33C99-L33C113
ModHide,,ModHide,Defense Evasion,offensive_tool,critical,PoCs to hide loaded kernel drivers with DKOM method - ModHide,https://github.com/daem0nc0re/VectorKernel/blob/main/ModHide/README.md
ProcHide,,ProcHide,Defense Evasion,offensive_tool,critical,PoCs to hide process with DKOM method - ProcHide,https://github.com/daem0nc0re/VectorKernel/blob/main/ProcHide/README.md
StealToken,,StealToken,Credential Access,offensive_tool,critical,PoCs to perform token stealing from kernelmode - StealToken,https://github.com/daem0nc0re/VectorKernel/blob/main/CreateToken/README.md
CreateToken,,CreateToken,Privilege Escalation,offensive_tool,critical,PoCs to get full privileged SYSTEM token with `ZwCreateToken()` API - CreateToken,https://github.com/daem0nc0re/VectorKernel/blob/main/CreateToken/README.md
QueryModule,,QueryModule,Collection,offensive_tool,medium,PoCs to perform retrieving kernel driver loaded address information - QueryModule,https://github.com/daem0nc0re/VectorKernel/blob/main/QueryModule/README.md
GetFullPrivs,,GetFullPrivs,Privilege Escalation,offensive_tool,critical,PoCs to get full privileges with DKOM method - GetFullPrivs,https://github.com/daem0nc0re/VectorKernel/blob/main/GetFullPrivs/README.md
GetProcHandle,,GetProcHandle,Privilege Escalation,offensive_tool,critical,PoCs to get full access process handle from kernelmode - GetProcHandle,https://github.com/daem0nc0re/VectorKernel/blob/main/GetProcHandle/README.md
InjectLibrary,,InjectLibrary,Defense Evasion,offensive_tool,critical,PoCs to perform DLL injection with Kernel APC Injection method - InjectLibrary,https://github.com/daem0nc0re/VectorKernel/blob/main/InjectLibrary/README.md
BlockNewProc,,BlockNewProc,Defense Evasion,offensive_tool,critical,PoCs to block new process with Process Notify Callback method - BlockNewProc,https://github.com/daem0nc0re/VectorKernel/blob/main/BlockNewProc/README.md
ProcProtect,,ProcProtect,Defense Evasion,offensive_tool,critical,PoCs to manipulate Protected Process - ProcProtect,https://github.com/daem0nc0re/VectorKernel/blob/main/ProcProtect/README.md
Zoho Assist-Remote Support,*\ZAService.exe*,Zoho Assist,RMM,greyware_tool,high,Zoho Assist https://www.zoho.com/pt-br/assist/,https://github.com/mthcht/ThreatHunting-Keywords/blob/main/tools/O-Q/PSMapExec.csv
Agent,*:\Program Files (x86)\Common Files\Two Pilots\VPDAgent.exe,remoteutilities,RMM,greyware_tools,medium,https://www.remoteutilities.com/,https://github.com/mthcht/ThreatHunting-Keywords/blob/main/tools/R-T/RemoteUtilities.csv
VPDAgent,,remoteutilities,RMM,greyware_tools,high,https://www.remoteutilities.com/,https://github.com/mthcht/ThreatHunting-Keywords/blob/main/tools/R-T/RemoteUtilities.csv
RManService,*:\Program Files (x86)\Remote Utilities - Host\rutserv.exe*,remoteutilities,RMM,greyware_tools,medium,https://www.remoteutilities.com/,https://github.com/mthcht/ThreatHunting-Keywords/blob/main/tools/R-T/RemoteUtilities.csv
Remote Utilities - Host,,remoteutilities,RMM,greyware_tools,medium,https://www.remoteutilities.com/,https://github.com/mthcht/ThreatHunting-Keywords/blob/main/tools/R-T/RemoteUtilities.csv
MiniInternetIdService,*:\Program Files (x86)\Remote Utilities - Server\InternetIdService.exe,remoteutilities,RMM,greyware_tools,high,https://www.remoteutilities.com/,https://github.com/mthcht/ThreatHunting-Keywords/blob/main/tools/R-T/RemoteUtilities.csv
Remote Utilities - Mini Internet-ID Server,,remoteutilities,RMM,greyware_tools,medium,https://www.remoteutilities.com/,https://github.com/mthcht/ThreatHunting-Keywords/blob/main/tools/R-T/RemoteUtilities.csv
AADInternals,,AADInternals,Credential Access,greyware_tools,high,A little service to steal the AD FS DKM secret,https://github.com/Gerenios/AADInternals/blob/0fa2edf5676439cd3fe7c92ed8006b63f0be9632/ADFS.ps1#L484C132-L484C144
CyberGhost*Service,,CyberGhost VPN,Defense Evasion,greyware_tools,low,CyberGhost VPN service,https://github.com/mthcht/awesome-lists
FileZilla Server,,Filezilla,Data Exfiltration,greyware_tools,medium,FileZilla Server FTP server,https://github.com/mthcht/awesome-lists
filezilla-server,,Filezilla,Data Exfiltration,greyware_tools,medium,filezilla-server,https://github.com/mthcht/awesome-lists
GoToAssist,,GoToAssist,RMM,greyware_tools,medium,service name used by GoToAssist,https://github.com/mthcht/awesome-lists
LogMeIn,,LogMeIn,RMM,greyware_tools,medium,service name used by LogMeIn,https://github.com/mthcht/awesome-lists
GoToAssist Remote Support Customer,,GoToAssist,RMM,greyware_tools,medium,service name used by GoToAssist,https://github.com/mthcht/awesome-lists
NinjaRMMAgent,,NinjaRMM,RMM,greyware_tools,medium,service name used by NinjaOne NinjaRMM,https://github.com/mthcht/awesome-lists
OpenSSHd,,OpenSSH,Persistence,greyware_tools,low,service name used by OpenSSH Server cygrunsrv.exe,https://github.com/mthcht/awesome-lists
ssh-agent,,OpenSSH,Persistence,greyware_tools,low,service name used by OpenSSH Agent ssh-agent.exe,https://github.com/mthcht/awesome-lists
sshd,,OpenSSH,Persistence,greyware_tools,low,service name used by OpenSSH Agent sshd.exe,https://github.com/mthcht/awesome-lists
OpenVPNService*,,OpenVPN,Defense Evasion,greyware_tools,low,service name used by openvpnserv from OpenVPN software,https://github.com/mthcht/awesome-lists
ProtonVPN*,,ProtonVPN,Defense Evasion,greyware_tools,low,service name used by ProtonVPN service ProtonVPNService.exe or ProtonVPN.WireGuardService.exe,https://github.com/mthcht/awesome-lists
