fuzzer,domain,dns_a,dns_aaaa,dns_mx,dns_ns
*original,secure.paypal.com,,,,
addition,secure.paypal0.com,,,,
addition,secure.paypal1.com,,,,
addition,secure.paypal2.com,,,,
addition,secure.paypal4.com,,,,
addition,secure.paypal5.com,,,,
addition,secure.paypal6.com,,,,
addition,secure.paypal7.com,,,,
addition,secure.paypal8.com,,,,
addition,secure.paypal9.com,,,,
addition,secure.paypale.com,103.224.212.205,,park-mx.above.com,ns1.abovedomains.com
addition,secure.paypala.com,104.247.82.32,,mail.h-email.net,ns1.parkingcrew.net
addition,secure.paypalc.com,23.82.12.32,,,
addition,secure.paypald.com,,,,
addition,secure.paypalf.com,,,,
addition,secure.paypalh.com,,,,
addition,secure.paypalj.com,,,,
addition,secure.paypalp.com,103.224.212.204,,park-mx.above.com,ns1.abovedomains.com
addition,secure.paypalo.com,104.247.81.53,,mail.h-email.net,ns1.parkingcrew.net
addition,secure.paypalt.com,104.247.81.53,,mail.h-email.net,ns1.parkingcrew.net
addition,secure.paypalr.com,13.248.169.48,,,ns1.afternic.com
addition,secure.paypalu.com,13.248.169.48,,,ns3.afternic.com
addition,secure.paypali.com,159.89.244.183,!ServFail,,!ServFail
addition,secure.paypalk.com,185.107.56.205,,,
addition,secure.paypalg.com,192.187.111.222,,,
addition,secure.paypal3.com,199.59.243.228,,,
addition,secure.paypalb.com,23.82.12.31,,,
addition,secure.paypall.com,3.33.139.32,,,
addition,secure.paypalm.com,,,,
addition,secure.paypaln.com,,,,
addition,secure.paypalq.com,,,,
addition,secure.paypals.com,,,,
addition,secure.paypalv.com,,,,
addition,secure.paypalw.com,,,,
addition,secure.paypalx.com,3.33.139.32,,,
addition,secure.paypaly.com,3.33.139.32,,,
addition,secure.paypalz.com,,,,
bitsquatting,secure.pa9pal.com,,,,
bitsquatting,secure.paqpal.com,104.21.10.196,2606:4700:3033::ac43:bed3,,
bitsquatting,secure.qaypal.com,104.21.71.112,2606:4700:3033::6815:4770,,
bitsquatting,secure.paxpal.com,104.247.81.35,,mail.h-email.net,ns1.parkingcrew.net
bitsquatting,secure.paypah.com,,,,
bitsquatting,secure.paypan.com,159.89.244.183,!ServFail,,!ServFail
bitsquatting,secure.0aypal.com,192.155.108.155,,,
bitsquatting,secure.paypad.com,,,,
bitsquatting,secure.paypam.com,,,,
bitsquatting,secure.paypcl.com,,,,
bitsquatting,secure.paypil.com,104.247.81.35,,mail.h-email.net,ns1.parkingcrew.net
bitsquatting,secure.payral.com,13.248.169.48,,,ns1.dan.com
bitsquatting,secure.piypal.com,13.248.169.48,,,ns1.dan.com
bitsquatting,secure.raypal.com,159.89.244.183,!ServFail,,!ServFail
bitsquatting,secure.paypql.com,172.98.192.35,,,
bitsquatting,secure.paypel.com,185.107.56.203,,,
bitsquatting,secure.pay0al.com,192.155.108.152,,,
bitsquatting,secure.paytal.com,192.198.80.147,,,
bitsquatting,secure.payqal.com,207.148.248.143,!ServFail,,!ServFail
bitsquatting,secure.paipal.com,3.33.139.32,,,
bitsquatting,secure.payxal.com,,,,
bitsquatting,secure.pcypal.com,,,,
bitsquatting,secure.pqypal.com,,,,
bitsquatting,secure.taypal.com,64.190.63.222,,localhost,ns1.sedoparking.com
bitsquatting,secure.peypal.com,69.162.80.62,,,
bitsquatting,secure.xaypal.com,,,,
cyrillic,secure.xn--80aa0cbo65f.com,,,,
homoglyph,secure.paypa1.com,3.33.139.32,,,
homoglyph,secure.paypai.com,,,,
homoglyph,secure.xn--apal-4gb53h.com,,,,
homoglyph,secure.xn--apal-4gb5g.com,,,,
homoglyph,secure.xn--apal-4gb7255b.com,,,,
homoglyph,secure.xn--apal-4gb76f.com,,,,
homoglyph,secure.xn--apal-4gb91l.com,,,,
homoglyph,secure.xn--apal-4gb9316b.com,,,,
homoglyph,secure.xn--apal-4gb9916b.com,,,,
homoglyph,secure.xn--apal-5ra02h.com,,,,
homoglyph,secure.xn--apal-5ra4816b.com,,,,
homoglyph,secure.xn--apal-5ra67i.com,,,,
homoglyph,secure.xn--apal-5ra6916b.com,,,,
homoglyph,secure.xn--apal-9f5a59b.com,,,,
homoglyph,secure.xn--apal-9f5ap7b.com,,,,
homoglyph,secure.xn--apal-9f5atp.com,,,,
homoglyph,secure.xn--apal-bjb6805b.com,,,,
homoglyph,secure.xn--apal-bjb8905b.com,,,,
homoglyph,secure.xn--apal-bjb8d.com,,,,
homoglyph,secure.xn--apal-g1b4234b.com,,,,
homoglyph,secure.xn--apal-g1b6334b.com,,,,
homoglyph,secure.xn--apal-g5b6514b.com,,,,
homoglyph,secure.xn--apal-g5b8614b.com,,,,
homoglyph,secure.xn--apal-gsa2716b.com,,,,
homoglyph,secure.xn--apal-gsa46i.com,,,,
homoglyph,secure.xn--apal-gsa4816b.com,,,,
homoglyph,secure.xn--apal-gsa80h.com,,,,
homoglyph,secure.xn--apal-kg5a3o.com,,,,
homoglyph,secure.xn--apal-kg5at9b.com,,,,
homoglyph,secure.xn--apal-kg5az6b.com,,,,
homoglyph,secure.xn--apal-l9a2545b.com,,,,
homoglyph,secure.xn--apal-l9a44b.com,,,,
homoglyph,secure.xn--apal-l9a4645b.com,,,,
homoglyph,secure.xn--apal-l9a8y.com,,,,
homoglyph,secure.xn--apal-lfc2773b.com,,,,
homoglyph,secure.xn--apal-lfc4873b.com,,,,
homoglyph,secure.xn--apal-ukb11e.com,,,,
homoglyph,secure.xn--apal-ukb1735b.com,,,,
homoglyph,secure.xn--apal-ukb3406b.com,,,,
homoglyph,secure.xn--apal-ukb36j.com,,,,
homoglyph,secure.xn--apal-ukb3895b.com,,,,
homoglyph,secure.xn--apal-ukb97f.com,,,,
homoglyph,secure.xn--ayal-4gb0815b.com,,,,
homoglyph,secure.xn--ayal-4gb2915b.com,,,,
homoglyph,secure.xn--ayal-4gb2n.com,,,,
homoglyph,secure.xn--ayal-4gbc.com,,,,
homoglyph,secure.xn--ayal-6gb5715b.com,,,,
homoglyph,secure.xn--ayal-6gb7815b.com,,,,
homoglyph,secure.xn--ayal-6gb7m.com,,,,
homoglyph,secure.xn--ayal-9f5ac.com,,,,
homoglyph,secure.xn--ayal-9f5aoa.com,,,,
homoglyph,secure.xn--ayal-cg5aj.com,,,,
homoglyph,secure.xn--ayal-kg5ac.com,,,,
homoglyph,secure.xn--ayal-ukb4205b.com,,,,
homoglyph,secure.xn--ayal-ukb6305b.com,,,,
homoglyph,secure.xn--ayal-ukbc.com,,,,
homoglyph,secure.xn--ayal-wkb1305b.com,,,,
homoglyph,secure.xn--ayal-wkb9105b.com,,,,
homoglyph,secure.xn--aypa-31a30d.com,,,,
homoglyph,secure.xn--aypa-31a7675b.com,,,,
homoglyph,secure.xn--aypa-31a95e.com,,,,
homoglyph,secure.xn--aypa-31a9775b.com,,,,
homoglyph,secure.xn--aypa-4gb60j.com,,,,
homoglyph,secure.xn--aypa-80a3085b.com,,,,
homoglyph,secure.xn--aypa-80a5185b.com,,,,
homoglyph,secure.xn--aypa-80a59e.com,,,,
homoglyph,secure.xn--aypa-80a93d.com,,,,
homoglyph,secure.xn--aypa-j1a1975b.com,,,,
homoglyph,secure.xn--aypa-j1a3085b.com,,,,
homoglyph,secure.xn--aypa-j1a38e.com,,,,
homoglyph,secure.xn--aypa-j1a72d.com,,,,
homoglyph,secure.xn--aypa-j9b5893b.com,,,,
homoglyph,secure.xn--aypa-j9b7993b.com,,,,
homoglyph,secure.xn--aypa-ukb05h.com,,,,
homoglyph,secure.xn--aypa-y0a15d.com,,,,
homoglyph,secure.xn--aypa-y0a5185b.com,,,,
homoglyph,secure.xn--aypa-y0a70f.com,,,,
homoglyph,secure.xn--aypa-y0a7285b.com,,,,
homoglyph,secure.xn--aypa1-ho1b.com,,,,
homoglyph,secure.xn--aypa1-ipb.com,,,,
homoglyph,secure.xn--aypa1-to1b.com,,,,
homoglyph,secure.xn--aypa1-ytb.com,,,,
homoglyph,secure.xn--aypai-ho1b.com,,,,
homoglyph,secure.xn--aypai-ipb.com,,,,
homoglyph,secure.xn--aypai-to1b.com,,,,
homoglyph,secure.xn--aypai-ytb.com,,,,
homoglyph,secure.xn--aypal-ho1b.com,,,,
homoglyph,secure.xn--aypal-ipb.com,,,,
homoglyph,secure.xn--aypal-to1b.com,,,,
homoglyph,secure.xn--aypal-ytb.com,,,,
homoglyph,secure.xn--aypl-2mb0494b.com,,,,
homoglyph,secure.xn--aypl-2mb8294b.com,,,,
homoglyph,secure.xn--aypl-2na29i.com,,,,
homoglyph,secure.xn--aypl-2na6536b.com,,,,
homoglyph,secure.xn--aypl-2na84k.com,,,,
homoglyph,secure.xn--aypl-2na8636b.com,,,,
homoglyph,secure.xn--aypl-2sa28g.com,,,,
homoglyph,secure.xn--aypl-2sa6416b.com,,,,
homoglyph,secure.xn--aypl-2sa83i.com,,,,
homoglyph,secure.xn--aypl-2sa8516b.com,,,,
homoglyph,secure.xn--aypl-4gb3w.com,,,,
homoglyph,secure.xn--aypl-4gb7365b.com,,,,
homoglyph,secure.xn--aypl-4gb79e.com,,,,
homoglyph,secure.xn--aypl-4gb79h.com,,,,
homoglyph,secure.xn--aypl-4gb94h.com,,,,
homoglyph,secure.xn--aypl-7na0536b.com,,,,
homoglyph,secure.xn--aypl-7na24k.com,,,,
homoglyph,secure.xn--aypl-7na2636b.com,,,,
homoglyph,secure.xn--aypl-7na68i.com,,,,
homoglyph,secure.xn--aypl-9f5atu.com,,,,
homoglyph,secure.xn--aypl-doa08i.com,,,,
homoglyph,secure.xn--aypl-doa4436b.com,,,,
homoglyph,secure.xn--aypl-doa63k.com,,,,
homoglyph,secure.xn--aypl-doa6536b.com,,,,
homoglyph,secure.xn--aypl-dta07g.com,,,,
homoglyph,secure.xn--aypl-dta4316b.com,,,,
homoglyph,secure.xn--aypl-dta62i.com,,,,
homoglyph,secure.xn--aypl-dta6416b.com,,,,
homoglyph,secure.xn--aypl-ioa03k.com,,,,
homoglyph,secure.xn--aypl-ioa0536b.com,,,,
homoglyph,secure.xn--aypl-ioa47i.com,,,,
homoglyph,secure.xn--aypl-ioa8336b.com,,,,
homoglyph,secure.xn--aypl-kg5a3t.com,,,,
homoglyph,secure.xn--aypl-noa2336b.com,,,,
homoglyph,secure.xn--aypl-noa42k.com,,,,
homoglyph,secure.xn--aypl-noa4436b.com,,,,
homoglyph,secure.xn--aypl-noa86i.com,,,,
homoglyph,secure.xn--aypl-s5b2414b.com,,,,
homoglyph,secure.xn--aypl-s5b4514b.com,,,,
homoglyph,secure.xn--aypl-soa26i.com,,,,
homoglyph,secure.xn--aypl-soa6236b.com,,,,
homoglyph,secure.xn--aypl-soa81k.com,,,,
homoglyph,secure.xn--aypl-soa8336b.com,,,,
homoglyph,secure.xn--aypl-ssa05i.com,,,,
homoglyph,secure.xn--aypl-ssa0716b.com,,,,
homoglyph,secure.xn--aypl-ssa49g.com,,,,
homoglyph,secure.xn--aypl-ssa8516b.com,,,,
homoglyph,secure.xn--aypl-szb4934b.com,,,,
homoglyph,secure.xn--aypl-szb6044b.com,,,,
homoglyph,secure.xn--aypl-ukb14d.com,,,,
homoglyph,secure.xn--aypl-ukb14g.com,,,,
homoglyph,secure.xn--aypl-ukb1845b.com,,,,
homoglyph,secure.xn--aypl-ukb39f.com,,,,
homoglyph,secure.xn--aypl-ukb7g.com,,,,
homoglyph,secure.xn--aypl-x6b4904b.com,,,,
homoglyph,secure.xn--aypl-x6b6014b.com,,,,
homoglyph,secure.xn--paal-6gb33h.com,,,,
homoglyph,secure.xn--paal-6gb3g.com,,,,
homoglyph,secure.xn--paal-6gb5255b.com,,,,
homoglyph,secure.xn--paal-6gb56f.com,,,,
homoglyph,secure.xn--paal-6gb71l.com,,,,
homoglyph,secure.xn--paal-6gb7316b.com,,,,
homoglyph,secure.xn--paal-6gb7916b.com,,,,
homoglyph,secure.xn--paal-6ra22h.com,,,,
homoglyph,secure.xn--paal-6ra6816b.com,,,,
homoglyph,secure.xn--paal-6ra87i.com,,,,
homoglyph,secure.xn--paal-6ra8916b.com,,,,
homoglyph,secure.xn--paal-cg5a39b.com,,,,
homoglyph,secure.xn--paal-cg5a96b.com,,,,
homoglyph,secure.xn--paal-cg5arp.com,,,,
homoglyph,secure.xn--paal-cjb0015b.com,,,,
homoglyph,secure.xn--paal-cjb0e.com,,,,
homoglyph,secure.xn--paal-cjb8805b.com,,,,
homoglyph,secure.xn--paal-h1b6234b.com,,,,
homoglyph,secure.xn--paal-h1b8334b.com,,,,
homoglyph,secure.xn--paal-h5b0714b.com,,,,
homoglyph,secure.xn--paal-h5b8514b.com,,,,
homoglyph,secure.xn--paal-hsa01h.com,,,,
homoglyph,secure.xn--paal-hsa4716b.com,,,,
homoglyph,secure.xn--paal-hsa66i.com,,,,
homoglyph,secure.xn--paal-hsa6816b.com,,,,
homoglyph,secure.xn--paal-m9a0z.com,,,,
homoglyph,secure.xn--paal-m9a4545b.com,,,,
homoglyph,secure.xn--paal-m9a64b.com,,,,
homoglyph,secure.xn--paal-m9a6645b.com,,,,
homoglyph,secure.xn--paal-mfc4773b.com,,,,
homoglyph,secure.xn--paal-mfc6873b.com,,,,
homoglyph,secure.xn--paal-mg5a1o.com,,,,
homoglyph,secure.xn--paal-mg5ar9b.com,,,,
homoglyph,secure.xn--paal-mg5ax6b.com,,,,
homoglyph,secure.xn--paal-wkb1406b.com,,,,
homoglyph,secure.xn--paal-wkb16j.com,,,,
homoglyph,secure.xn--paal-wkb1895b.com,,,,
homoglyph,secure.xn--paal-wkb77f.com,,,,
homoglyph,secure.xn--paal-wkb90e.com,,,,
homoglyph,secure.xn--paal-wkb9635b.com,,,,
homoglyph,secure.xn--papa-31a52n.com,,,,
homoglyph,secure.xn--papa-31a59d.com,,,,
homoglyph,secure.xn--papa-31a7116b.com,,,,
homoglyph,secure.xn--papa-31a75l.com,,,,
homoglyph,secure.xn--papa-31a90r.com,,,,
homoglyph,secure.xn--papa-31a9276b.com,,,,
homoglyph,secure.xn--papa-31a92a.com,,,,
homoglyph,secure.xn--papa-31a9876b.com,,,,
homoglyph,secure.xn--papa-6ra03b.com,,,,
homoglyph,secure.xn--papa-6ra21t.com,,,,
homoglyph,secure.xn--papa-6ra28a.com,,,,
homoglyph,secure.xn--papa-6ra49a.com,,,,
homoglyph,secure.xn--papa-6ra60b.com,,,,
homoglyph,secure.xn--papa-80a13e.com,,,,
homoglyph,secure.xn--papa-80a16n.com,,,,
homoglyph,secure.xn--papa-80a3516b.com,,,,
homoglyph,secure.xn--papa-80a39l.com,,,,
homoglyph,secure.xn--papa-80a5286b.com,,,,
homoglyph,secure.xn--papa-80a54r.com,,,,
homoglyph,secure.xn--papa-80a5676b.com,,,,
homoglyph,secure.xn--papa-80a56a.com,,,,
homoglyph,secure.xn--papa-cjb41i.com,,,,
homoglyph,secure.xn--papa-h1b25a.com,,,,
homoglyph,secure.xn--papa-h5b4o.com,,,,
homoglyph,secure.xn--papa-hsa00t.com,,,,
homoglyph,secure.xn--papa-hsa07a.com,,,,
homoglyph,secure.xn--papa-hsa28a.com,,,,
homoglyph,secure.xn--papa-hsa49a.com,,,,
homoglyph,secure.xn--papa-hsa81b.com,,,,
homoglyph,secure.xn--papa-j1a1416b.com,,,,
homoglyph,secure.xn--papa-j1a18l.com,,,,
homoglyph,secure.xn--papa-j1a3186b.com,,,,
homoglyph,secure.xn--papa-j1a33r.com,,,,
homoglyph,secure.xn--papa-j1a3576b.com,,,,
homoglyph,secure.xn--papa-j1a35a.com,,,,
homoglyph,secure.xn--papa-j1a91e.com,,,,
homoglyph,secure.xn--papa-j1a94n.com,,,,
homoglyph,secure.xn--papa-j9b5334b.com,,,,
homoglyph,secure.xn--papa-j9b7005b.com,,,,
homoglyph,secure.xn--papa-j9b7494b.com,,,,
homoglyph,secure.xn--papa-j9b7s.com,,,,
homoglyph,secure.xn--papa-m9a08l.com,,,,
homoglyph,secure.xn--papa-y0a34e.com,,,,
homoglyph,secure.xn--papa-y0a37n.com,,,,
homoglyph,secure.xn--papa-y0a50m.com,,,,
homoglyph,secure.xn--papa-y0a5616b.com,,,,
homoglyph,secure.xn--papa-y0a7386b.com,,,,
homoglyph,secure.xn--papa-y0a75r.com,,,,
homoglyph,secure.xn--papa-y0a7776b.com,,,,
homoglyph,secure.xn--papa-y0a77a.com,,,,
homoglyph,secure.xn--papa1-3va.com,,,,
homoglyph,secure.xn--papa1-4rb.com,,,,
homoglyph,secure.xn--papa1-hy1b.com,,,,
homoglyph,secure.xn--papa1-ohb.com,,,,
homoglyph,secure.xn--papa1-oi2b.com,,,,
homoglyph,secure.xn--papa1-ouc.com,,,,
homoglyph,secure.xn--papa1-pjc.com,,,,
homoglyph,secure.xn--papa1-rva.com,,,,
homoglyph,secure.xn--papa1-wec.com,,,,
homoglyph,secure.xn--papa1-yg2b.com,,,,
homoglyph,secure.xn--papai-3va.com,,,,
homoglyph,secure.xn--papai-4rb.com,,,,
homoglyph,secure.xn--papai-hy1b.com,,,,
homoglyph,secure.xn--papai-ohb.com,,,,
homoglyph,secure.xn--papai-oi2b.com,,,,
homoglyph,secure.xn--papai-ouc.com,,,,
homoglyph,secure.xn--papai-pjc.com,,,,
homoglyph,secure.xn--papai-rva.com,,,,
homoglyph,secure.xn--papai-wec.com,,,,
homoglyph,secure.xn--papai-yg2b.com,,,,
homoglyph,secure.xn--papal-3va.com,,,,
homoglyph,secure.xn--papal-4rb.com,,,,
homoglyph,secure.xn--papal-hy1b.com,,,,
homoglyph,secure.xn--papal-ohb.com,,,,
homoglyph,secure.xn--papal-oi2b.com,,,,
homoglyph,secure.xn--papal-ouc.com,,,,
homoglyph,secure.xn--papal-pjc.com,,,,
homoglyph,secure.xn--papal-rva.com,,,,
homoglyph,secure.xn--papal-wec.com,,,,
homoglyph,secure.xn--papal-yg2b.com,,,,
homoglyph,secure.xn--papl-2mb0595b.com,,,,
homoglyph,secure.xn--papl-2mb07i.com,,,,
homoglyph,secure.xn--papl-2mb0985b.com,,,,
homoglyph,secure.xn--papl-2mb68e.com,,,,
homoglyph,secure.xn--papl-2mb81d.com,,,,
homoglyph,secure.xn--papl-2mb8725b.com,,,,
homoglyph,secure.xn--papl-2na41t.com,,,,
homoglyph,secure.xn--papl-2na48j.com,,,,
homoglyph,secure.xn--papl-2na6076b.com,,,,
homoglyph,secure.xn--papl-2na64r.com,,,,
homoglyph,secure.xn--papl-2na6o.com,,,,
homoglyph,secure.xn--papl-2na8137b.com,,,,
homoglyph,secure.xn--papl-2na81g.com,,,,
homoglyph,secure.xn--papl-2na8737b.com,,,,
homoglyph,secure.xn--papl-2na89w.com,,,,
homoglyph,secure.xn--papl-2na8p.com,,,,
homoglyph,secure.xn--papl-2sa40r.com,,,,
homoglyph,secure.xn--papl-2sa47h.com,,,,
homoglyph,secure.xn--papl-2sa63p.com,,,,
homoglyph,secure.xn--papl-2sa6946b.com,,,,
homoglyph,secure.xn--papl-2sa8017b.com,,,,
homoglyph,secure.xn--papl-2sa80e.com,,,,
homoglyph,secure.xn--papl-2sa8617b.com,,,,
homoglyph,secure.xn--papl-2sa88u.com,,,,
homoglyph,secure.xn--papl-6ra1b.com,,,,
homoglyph,secure.xn--papl-6ra30p.com,,,,
homoglyph,secure.xn--papl-6ra30s.com,,,,
homoglyph,secure.xn--papl-6ra3466b.com,,,,
homoglyph,secure.xn--papl-6ra3c.com,,,,
homoglyph,secure.xn--papl-6ra55r.com,,,,
homoglyph,secure.xn--papl-6ra96j.com,,,,
homoglyph,secure.xn--papl-6raz.com,,,,
homoglyph,secure.xn--papl-7na0076b.com,,,,
homoglyph,secure.xn--papl-7na04r.com,,,,
homoglyph,secure.xn--papl-7na0o.com,,,,
homoglyph,secure.xn--papl-7na2137b.com,,,,
homoglyph,secure.xn--papl-7na21g.com,,,,
homoglyph,secure.xn--papl-7na2737b.com,,,,
homoglyph,secure.xn--papl-7na29w.com,,,,
homoglyph,secure.xn--papl-7na2p.com,,,,
homoglyph,secure.xn--papl-7na80t.com,,,,
homoglyph,secure.xn--papl-7na87j.com,,,,
homoglyph,secure.xn--papl-7q5a8y.com,,,,
homoglyph,secure.xn--papl-7q5asw.com,,,,
homoglyph,secure.xn--papl-cjb1n.com,,,,
homoglyph,secure.xn--papl-cjb50e.com,,,,
homoglyph,secure.xn--papl-cjb50h.com,,,,
homoglyph,secure.xn--papl-cjb5455b.com,,,,
homoglyph,secure.xn--papl-cjb75g.com,,,,
homoglyph,secure.xn--papl-doa20t.com,,,,
homoglyph,secure.xn--papl-doa27j.com,,,,
homoglyph,secure.xn--papl-doa43r.com,,,,
homoglyph,secure.xn--papl-doa4966b.com,,,,
homoglyph,secure.xn--papl-doa4n.com,,,,
homoglyph,secure.xn--papl-doa6037b.com,,,,
homoglyph,secure.xn--papl-doa60g.com,,,,
homoglyph,secure.xn--papl-doa6637b.com,,,,
homoglyph,secure.xn--papl-doa68w.com,,,,
homoglyph,secure.xn--papl-doa6o.com,,,,
homoglyph,secure.xn--papl-dta26h.com,,,,
homoglyph,secure.xn--papl-dta29q.com,,,,
homoglyph,secure.xn--papl-dta42p.com,,,,
homoglyph,secure.xn--papl-dta4846b.com,,,,
homoglyph,secure.xn--papl-dta6517b.com,,,,
homoglyph,secure.xn--papl-dta67u.com,,,,
homoglyph,secure.xn--papl-dta6907b.com,,,,
homoglyph,secure.xn--papl-dta69d.com,,,,
homoglyph,secure.xn--papl-h1b3874b.com,,,,
homoglyph,secure.xn--papl-h1b3u.com,,,,
homoglyph,secure.xn--papl-h1b5p.com,,,,
homoglyph,secure.xn--papl-h5b5164b.com,,,,
homoglyph,secure.xn--papl-h5b5d.com,,,,
homoglyph,secure.xn--papl-h5bn.com,,,,
homoglyph,secure.xn--papl-hsa1366b.com,,,,
homoglyph,secure.xn--papl-hsa19o.com,,,,
homoglyph,secure.xn--papl-hsa19r.com,,,,
homoglyph,secure.xn--papl-hsa1b.com,,,,
homoglyph,secure.xn--papl-hsa34r.com,,,,
homoglyph,secure.xn--papl-hsa75j.com,,,,
homoglyph,secure.xn--papl-hsan.com,,,,
homoglyph,secure.xn--papl-hsaz.com,,,,
homoglyph,secure.xn--papl-ioa0037b.com,,,,
homoglyph,secure.xn--papl-ioa00g.com,,,,
homoglyph,secure.xn--papl-ioa0637b.com,,,,
homoglyph,secure.xn--papl-ioa08w.com,,,,
homoglyph,secure.xn--papl-ioa0o.com,,,,
homoglyph,secure.xn--papl-ioa66j.com,,,,
homoglyph,secure.xn--papl-ioa69s.com,,,,
homoglyph,secure.xn--papl-ioa82r.com,,,,
homoglyph,secure.xn--papl-ioa8866b.com,,,,
homoglyph,secure.xn--papl-ioa8m.com,,,,
homoglyph,secure.xn--papl-m9a1195b.com,,,,
homoglyph,secure.xn--papl-m9a17h.com,,,,
homoglyph,secure.xn--papl-m9a17k.com,,,,
homoglyph,secure.xn--papl-m9a32k.com,,,,
homoglyph,secure.xn--papl-m9a73c.com,,,,
homoglyph,secure.xn--papl-mfc1324b.com,,,,
homoglyph,secure.xn--papl-mo5ave.com,,,,
homoglyph,secure.xn--papl-noa06j.com,,,,
homoglyph,secure.xn--papl-noa09s.com,,,,
homoglyph,secure.xn--papl-noa22r.com,,,,
homoglyph,secure.xn--papl-noa2866b.com,,,,
homoglyph,secure.xn--papl-noa2m.com,,,,
homoglyph,secure.xn--papl-noa4537b.com,,,,
homoglyph,secure.xn--papl-noa47w.com,,,,
homoglyph,secure.xn--papl-noa4927b.com,,,,
homoglyph,secure.xn--papl-noa49f.com,,,,
homoglyph,secure.xn--papl-noa4n.com,,,,
homoglyph,secure.xn--papl-s5b2944b.com,,,,
homoglyph,secure.xn--papl-s5b4015b.com,,,,
homoglyph,secure.xn--papl-s5b4615b.com,,,,
homoglyph,secure.xn--papl-s5b48a.com,,,,
homoglyph,secure.xn--papl-soa45j.com,,,,
homoglyph,secure.xn--papl-soa48s.com,,,,
homoglyph,secure.xn--papl-soa61r.com,,,,
homoglyph,secure.xn--papl-soa6766b.com,,,,
homoglyph,secure.xn--papl-soa6l.com,,,,
homoglyph,secure.xn--papl-soa8437b.com,,,,
homoglyph,secure.xn--papl-soa86w.com,,,,
homoglyph,secure.xn--papl-soa8827b.com,,,,
homoglyph,secure.xn--papl-soa88f.com,,,,
homoglyph,secure.xn--papl-soa8m.com,,,,
homoglyph,secure.xn--papl-ssa00v.com,,,,
homoglyph,secure.xn--papl-ssa0217b.com,,,,
homoglyph,secure.xn--papl-ssa02e.com,,,,
homoglyph,secure.xn--papl-ssa0817b.com,,,,
homoglyph,secure.xn--papl-ssa61r.com,,,,
homoglyph,secure.xn--papl-ssa68h.com,,,,
homoglyph,secure.xn--papl-ssa8056b.com,,,,
homoglyph,secure.xn--papl-ssa84p.com,,,,
homoglyph,secure.xn--papl-szb2v.com,,,,
homoglyph,secure.xn--papl-szb4474b.com,,,,
homoglyph,secure.xn--papl-szb4e.com,,,,
homoglyph,secure.xn--papl-szb6145b.com,,,,
homoglyph,secure.xn--papl-szb63d.com,,,,
homoglyph,secure.xn--papl-szb6535b.com,,,,
homoglyph,secure.xn--papl-x6b4444b.com,,,,
homoglyph,secure.xn--papl-x6b6115b.com,,,,
homoglyph,secure.xn--papl-x6b63a.com,,,,
homoglyph,secure.xn--papl-x6b6505b.com,,,,
homoglyph,secure.xn--paya-31a0775b.com,,,,
homoglyph,secure.xn--paya-31a26e.com,,,,
homoglyph,secure.xn--paya-31a2875b.com,,,,
homoglyph,secure.xn--paya-31a60d.com,,,,
homoglyph,secure.xn--paya-7gb30j.com,,,,
homoglyph,secure.xn--paya-80a24d.com,,,,
homoglyph,secure.xn--paya-80a6085b.com,,,,
homoglyph,secure.xn--paya-80a8185b.com,,,,
homoglyph,secure.xn--paya-80a89e.com,,,,
homoglyph,secure.xn--paya-j1a03d.com,,,,
homoglyph,secure.xn--paya-j1a4975b.com,,,,
homoglyph,secure.xn--paya-j1a6085b.com,,,,
homoglyph,secure.xn--paya-j1a68e.com,,,,
homoglyph,secure.xn--paya-j9b0004b.com,,,,
homoglyph,secure.xn--paya-j9b8893b.com,,,,
homoglyph,secure.xn--paya-xkb74h.com,,,,
homoglyph,secure.xn--paya-y0a01f.com,,,,
homoglyph,secure.xn--paya-y0a0385b.com,,,,
homoglyph,secure.xn--paya-y0a45d.com,,,,
homoglyph,secure.xn--paya-y0a8185b.com,,,,
homoglyph,secure.xn--paya1-1tb.com,,,,
homoglyph,secure.xn--paya1-ko1b.com,,,,
homoglyph,secure.xn--paya1-lpb.com,,,,
homoglyph,secure.xn--paya1-wo1b.com,,,,
homoglyph,secure.xn--payai-1tb.com,,,,
homoglyph,secure.xn--payai-ko1b.com,,,,
homoglyph,secure.xn--payai-lpb.com,,,,
homoglyph,secure.xn--payai-wo1b.com,,,,
homoglyph,secure.xn--payal-1tb.com,,,,
homoglyph,secure.xn--payal-ko1b.com,,,,
homoglyph,secure.xn--payal-lpb.com,,,,
homoglyph,secure.xn--payal-wo1b.com,,,,
homoglyph,secure.xn--payl-2mb1394b.com,,,,
homoglyph,secure.xn--payl-2mb3494b.com,,,,
homoglyph,secure.xn--payl-2na15k.com,,,,
homoglyph,secure.xn--payl-2na1736b.com,,,,
homoglyph,secure.xn--payl-2na59i.com,,,,
homoglyph,secure.xn--payl-2na9536b.com,,,,
homoglyph,secure.xn--payl-2sa14i.com,,,,
homoglyph,secure.xn--payl-2sa1616b.com,,,,
homoglyph,secure.xn--payl-2sa58g.com,,,,
homoglyph,secure.xn--payl-2sa9416b.com,,,,
homoglyph,secure.xn--payl-7gb0w.com,,,,
homoglyph,secure.xn--payl-7gb4365b.com,,,,
homoglyph,secure.xn--payl-7gb49e.com,,,,
homoglyph,secure.xn--payl-7gb49h.com,,,,
homoglyph,secure.xn--payl-7gb64h.com,,,,
homoglyph,secure.xn--payl-7na3536b.com,,,,
homoglyph,secure.xn--payl-7na54k.com,,,,
homoglyph,secure.xn--payl-7na5636b.com,,,,
homoglyph,secure.xn--payl-7na98i.com,,,,
homoglyph,secure.xn--payl-dg5aqu.com,,,,
homoglyph,secure.xn--payl-doa38i.com,,,,
homoglyph,secure.xn--payl-doa7436b.com,,,,
homoglyph,secure.xn--payl-doa93k.com,,,,
homoglyph,secure.xn--payl-doa9536b.com,,,,
homoglyph,secure.xn--payl-dta37g.com,,,,
homoglyph,secure.xn--payl-dta7316b.com,,,,
homoglyph,secure.xn--payl-dta92i.com,,,,
homoglyph,secure.xn--payl-dta9416b.com,,,,
homoglyph,secure.xn--payl-ioa1436b.com,,,,
homoglyph,secure.xn--payl-ioa33k.com,,,,
homoglyph,secure.xn--payl-ioa3536b.com,,,,
homoglyph,secure.xn--payl-ioa77i.com,,,,
homoglyph,secure.xn--payl-ng5a0t.com,,,,
homoglyph,secure.xn--payl-noa17i.com,,,,
homoglyph,secure.xn--payl-noa5336b.com,,,,
homoglyph,secure.xn--payl-noa72k.com,,,,
homoglyph,secure.xn--payl-noa7436b.com,,,,
homoglyph,secure.xn--payl-s5b5414b.com,,,,
homoglyph,secure.xn--payl-s5b7514b.com,,,,
homoglyph,secure.xn--payl-soa12k.com,,,,
homoglyph,secure.xn--payl-soa1436b.com,,,,
homoglyph,secure.xn--payl-soa56i.com,,,,
homoglyph,secure.xn--payl-soa9236b.com,,,,
homoglyph,secure.xn--payl-ssa1616b.com,,,,
homoglyph,secure.xn--payl-ssa35i.com,,,,
homoglyph,secure.xn--payl-ssa3716b.com,,,,
homoglyph,secure.xn--payl-ssa79g.com,,,,
homoglyph,secure.xn--payl-szb7934b.com,,,,
homoglyph,secure.xn--payl-szb9044b.com,,,,
homoglyph,secure.xn--payl-x6b7904b.com,,,,
homoglyph,secure.xn--payl-x6b9014b.com,,,,
homoglyph,secure.xn--payl-xkb09f.com,,,,
homoglyph,secure.xn--payl-xkb4g.com,,,,
homoglyph,secure.xn--payl-xkb83d.com,,,,
homoglyph,secure.xn--payl-xkb83g.com,,,,
homoglyph,secure.xn--payl-xkb8745b.com,,,,
homoglyph,secure.xn--payp-31a35f.com,,,,
homoglyph,secure.xn--payp-31a7226b.com,,,,
homoglyph,secure.xn--payp-31a78k.com,,,,
homoglyph,secure.xn--payp-31a78n.com,,,,
homoglyph,secure.xn--payp-31a93n.com,,,,
homoglyph,secure.xn--payp-3mb65g.com,,,,
homoglyph,secure.xn--payp-3na20d.com,,,,
homoglyph,secure.xn--payp-3na45c.com,,,,
homoglyph,secure.xn--payp-3na48u.com,,,,
homoglyph,secure.xn--payp-3na66c.com,,,,
homoglyph,secure.xn--payp-3na87c.com,,,,
homoglyph,secure.xn--payp-3sa29a.com,,,,
homoglyph,secure.xn--payp-3sa44a.com,,,,
homoglyph,secure.xn--payp-3sa47s.com,,,,
homoglyph,secure.xn--payp-3sa65a.com,,,,
homoglyph,secure.xn--payp-3sa86a.com,,,,
homoglyph,secure.xn--payp-80a32l.com,,,,
homoglyph,secure.xn--payp-80a32o.com,,,,
homoglyph,secure.xn--payp-80a3626b.com,,,,
homoglyph,secure.xn--payp-80a57n.com,,,,
homoglyph,secure.xn--payp-80a98f.com,,,,
homoglyph,secure.xn--payp-8na06c.com,,,,
homoglyph,secure.xn--payp-8na27c.com,,,,
homoglyph,secure.xn--payp-8na69c.com,,,,
homoglyph,secure.xn--payp-8na84c.com,,,,
homoglyph,secure.xn--payp-8na87u.com,,,,
homoglyph,secure.xn--payp-eoa09c.com,,,,
homoglyph,secure.xn--payp-eoa24c.com,,,,
homoglyph,secure.xn--payp-eoa27u.com,,,,
homoglyph,secure.xn--payp-eoa45c.com,,,,
homoglyph,secure.xn--payp-eoa66c.com,,,,
homoglyph,secure.xn--payp-eta08a.com,,,,
homoglyph,secure.xn--payp-eta23a.com,,,,
homoglyph,secure.xn--payp-eta26s.com,,,,
homoglyph,secure.xn--payp-eta44a.com,,,,
homoglyph,secure.xn--payp-eta65a.com,,,,
homoglyph,secure.xn--payp-j1a11l.com,,,,
homoglyph,secure.xn--payp-j1a11o.com,,,,
homoglyph,secure.xn--payp-j1a1526b.com,,,,
homoglyph,secure.xn--payp-j1a36n.com,,,,
homoglyph,secure.xn--payp-j1a77f.com,,,,
homoglyph,secure.xn--payp-j9b5444b.com,,,,
homoglyph,secure.xn--payp-joa06c.com,,,,
homoglyph,secure.xn--payp-joa48c.com,,,,
homoglyph,secure.xn--payp-joa63c.com,,,,
homoglyph,secure.xn--payp-joa66u.com,,,,
homoglyph,secure.xn--payp-joa84c.com,,,,
homoglyph,secure.xn--payp-ooa03c.com,,,,
homoglyph,secure.xn--payp-ooa06u.com,,,,
homoglyph,secure.xn--payp-ooa24c.com,,,,
homoglyph,secure.xn--payp-ooa45c.com,,,,
homoglyph,secure.xn--payp-ooa87c.com,,,,
homoglyph,secure.xn--payp-t5b0n.com,,,,
homoglyph,secure.xn--payp-toa27c.com,,,,
homoglyph,secure.xn--payp-toa42c.com,,,,
homoglyph,secure.xn--payp-toa45u.com,,,,
homoglyph,secure.xn--payp-toa63c.com,,,,
homoglyph,secure.xn--payp-toa84c.com,,,,
homoglyph,secure.xn--payp-tsa08a.com,,,,
homoglyph,secure.xn--payp-tsa40b.com,,,,
homoglyph,secure.xn--payp-tsa65a.com,,,,
homoglyph,secure.xn--payp-tsa68s.com,,,,
homoglyph,secure.xn--payp-tsa86a.com,,,,
homoglyph,secure.xn--payp-tzb22b.com,,,,
homoglyph,secure.xn--payp-y0a10g.com,,,,
homoglyph,secure.xn--payp-y0a53l.com,,,,
homoglyph,secure.xn--payp-y0a53o.com,,,,
homoglyph,secure.xn--payp-y0a5726b.com,,,,
homoglyph,secure.xn--payp-y0a78n.com,,,,
homoglyph,secure.xn--payp-y6b2i.com,,,,
homoglyph,secure.xn--payp1-0qa.com,,,,
homoglyph,secure.xn--payp1-3jc.com,,,,
homoglyph,secure.xn--payp1-6qa.com,,,,
homoglyph,secure.xn--payp1-6wa.com,,,,
homoglyph,secure.xn--payp1-dra.com,,,,
homoglyph,secure.xn--payp1-hlc.com,,,,
homoglyph,secure.xn--payp1-iwa.com,,,,
homoglyph,secure.xn--payp1-jra.com,,,,
homoglyph,secure.xn--payp1-m11b.com,,,,
homoglyph,secure.xn--payp1-nwb.com,,,,
homoglyph,secure.xn--payp1-pra.com,,,,
homoglyph,secure.xn--payp1-uqa.com,,,,
homoglyph,secure.xn--payp1-uwa.com,,,,
homoglyph,secure.xn--payp1-wcc.com,,,,
homoglyph,secure.xn--paypa-0wb.com,,,,
homoglyph,secure.xn--paypa-23a.com,,,,
homoglyph,secure.xn--paypa-2nc.com,,,,
homoglyph,secure.xn--paypa-3sa.com,,,,
homoglyph,secure.xn--paypa-46b.com,,,,
homoglyph,secure.xn--paypa-8nc.com,,,,
homoglyph,secure.xn--paypa-9sa.com,,,,
homoglyph,secure.xn--paypa-b6a.com,,,,
homoglyph,secure.xn--paypa-e3a.com,,,,
homoglyph,secure.xn--paypa-f4a.com,,,,
homoglyph,secure.xn--paypa-foc.com,,,,
homoglyph,secure.xn--paypa-gta.com,,,,
homoglyph,secure.xn--paypa-i81b.com,,,,
homoglyph,secure.xn--paypa-loc.com,,,,
homoglyph,secure.xn--paypa-n6a.com,,,,
homoglyph,secure.xn--paypa-o7a.com,,,,
homoglyph,secure.xn--paypa-q3a.com,,,,
homoglyph,secure.xn--paypa-r4a.com,,,,
homoglyph,secure.xn--paypa-u81b.com,,,,
homoglyph,secure.xn--paypa-xsa.com,,,,
homoglyph,secure.xn--paypa-z6a.com,,,,
homoglyph,secure.xn--paypi-0qa.com,,,,
homoglyph,secure.xn--paypi-3jc.com,,,,
homoglyph,secure.xn--paypi-6qa.com,,,,
homoglyph,secure.xn--paypi-6wa.com,,,,
homoglyph,secure.xn--paypi-dra.com,,,,
homoglyph,secure.xn--paypi-hlc.com,,,,
homoglyph,secure.xn--paypi-iwa.com,,,,
homoglyph,secure.xn--paypi-jra.com,,,,
homoglyph,secure.xn--paypi-m11b.com,,,,
homoglyph,secure.xn--paypi-nwb.com,,,,
homoglyph,secure.xn--paypi-pra.com,,,,
homoglyph,secure.xn--paypi-uqa.com,,,,
homoglyph,secure.xn--paypi-uwa.com,,,,
homoglyph,secure.xn--paypi-wcc.com,,,,
homoglyph,secure.xn--paypl-0qa.com,,,,
homoglyph,secure.xn--paypl-3jc.com,,,,
homoglyph,secure.xn--paypl-6qa.com,,,,
homoglyph,secure.xn--paypl-6wa.com,,,,
homoglyph,secure.xn--paypl-dra.com,,,,
homoglyph,secure.xn--paypl-hlc.com,,,,
homoglyph,secure.xn--paypl-iwa.com,,,,
homoglyph,secure.xn--paypl-jra.com,,,,
homoglyph,secure.xn--paypl-m11b.com,,,,
homoglyph,secure.xn--paypl-nwb.com,,,,
homoglyph,secure.xn--paypl-pra.com,,,,
homoglyph,secure.xn--paypl-uqa.com,,,,
homoglyph,secure.xn--paypl-uwa.com,,,,
homoglyph,secure.xn--paypl-wcc.com,,,,
homoglyph,secure.xn--ppal-0mb02d.com,,,,
homoglyph,secure.xn--ppal-0mb0825b.com,,,,
homoglyph,secure.xn--ppal-0mb2595b.com,,,,
homoglyph,secure.xn--ppal-0mb27i.com,,,,
homoglyph,secure.xn--ppal-0mb2985b.com,,,,
homoglyph,secure.xn--ppal-0mb88e.com,,,,
homoglyph,secure.xn--ppal-0na00x.com,,,,
homoglyph,secure.xn--ppal-0na0237b.com,,,,
homoglyph,secure.xn--ppal-0na02g.com,,,,
homoglyph,secure.xn--ppal-0na0837b.com,,,,
homoglyph,secure.xn--ppal-0na0q.com,,,,
homoglyph,secure.xn--ppal-0na61t.com,,,,
homoglyph,secure.xn--ppal-0na68j.com,,,,
homoglyph,secure.xn--ppal-0na8076b.com,,,,
homoglyph,secure.xn--ppal-0na84r.com,,,,
homoglyph,secure.xn--ppal-0na8o.com,,,,
homoglyph,secure.xn--ppal-0sa0117b.com,,,,
homoglyph,secure.xn--ppal-0sa01e.com,,,,
homoglyph,secure.xn--ppal-0sa0717b.com,,,,
homoglyph,secure.xn--ppal-0sa09u.com,,,,
homoglyph,secure.xn--ppal-0sa60r.com,,,,
homoglyph,secure.xn--ppal-0sa67h.com,,,,
homoglyph,secure.xn--ppal-0sa83p.com,,,,
homoglyph,secure.xn--ppal-0sa8946b.com,,,,
homoglyph,secure.xn--ppal-5na01t.com,,,,
homoglyph,secure.xn--ppal-5na08j.com,,,,
homoglyph,secure.xn--ppal-5na2076b.com,,,,
homoglyph,secure.xn--ppal-5na24r.com,,,,
homoglyph,secure.xn--ppal-5na2o.com,,,,
homoglyph,secure.xn--ppal-5na4137b.com,,,,
homoglyph,secure.xn--ppal-5na41g.com,,,,
homoglyph,secure.xn--ppal-5na4737b.com,,,,
homoglyph,secure.xn--ppal-5na49w.com,,,,
homoglyph,secure.xn--ppal-5na4p.com,,,,
homoglyph,secure.xn--ppal-5q5aoz.com,,,,
homoglyph,secure.xn--ppal-5q5auw.com,,,,
homoglyph,secure.xn--ppal-5ra10p.com,,,,
homoglyph,secure.xn--ppal-5ra10s.com,,,,
homoglyph,secure.xn--ppal-5ra1466b.com,,,,
homoglyph,secure.xn--ppal-5ra1c.com,,,,
homoglyph,secure.xn--ppal-5ra35r.com,,,,
homoglyph,secure.xn--ppal-5ra76j.com,,,,
homoglyph,secure.xn--ppal-5ra9a.com,,,,
homoglyph,secure.xn--ppal-5rax.com,,,,
homoglyph,secure.xn--ppal-bjb30e.com,,,,
homoglyph,secure.xn--ppal-bjb30h.com,,,,
homoglyph,secure.xn--ppal-bjb3455b.com,,,,
homoglyph,secure.xn--ppal-bjb55g.com,,,,
homoglyph,secure.xn--ppal-bjb9m.com,,,,
homoglyph,secure.xn--ppal-boa40t.com,,,,
homoglyph,secure.xn--ppal-boa47j.com,,,,
homoglyph,secure.xn--ppal-boa63r.com,,,,
homoglyph,secure.xn--ppal-boa6966b.com,,,,
homoglyph,secure.xn--ppal-boa6n.com,,,,
homoglyph,secure.xn--ppal-boa8037b.com,,,,
homoglyph,secure.xn--ppal-boa80g.com,,,,
homoglyph,secure.xn--ppal-boa8637b.com,,,,
homoglyph,secure.xn--ppal-boa88w.com,,,,
homoglyph,secure.xn--ppal-boa8o.com,,,,
homoglyph,secure.xn--ppal-bta46h.com,,,,
homoglyph,secure.xn--ppal-bta49q.com,,,,
homoglyph,secure.xn--ppal-bta62p.com,,,,
homoglyph,secure.xn--ppal-bta6846b.com,,,,
homoglyph,secure.xn--ppal-bta8517b.com,,,,
homoglyph,secure.xn--ppal-bta87u.com,,,,
homoglyph,secure.xn--ppal-bta8907b.com,,,,
homoglyph,secure.xn--ppal-bta89d.com,,,,
homoglyph,secure.xn--ppal-g1b1874b.com,,,,
homoglyph,secure.xn--ppal-g1b1u.com,,,,
homoglyph,secure.xn--ppal-g1b3p.com,,,,
homoglyph,secure.xn--ppal-g5b3164b.com,,,,
homoglyph,secure.xn--ppal-g5b3d.com,,,,
homoglyph,secure.xn--ppal-g5bl.com,,,,
homoglyph,secure.xn--ppal-goa03r.com,,,,
homoglyph,secure.xn--ppal-goa0966b.com,,,,
homoglyph,secure.xn--ppal-goa0n.com,,,,
homoglyph,secure.xn--ppal-goa2037b.com,,,,
homoglyph,secure.xn--ppal-goa20g.com,,,,
homoglyph,secure.xn--ppal-goa2637b.com,,,,
homoglyph,secure.xn--ppal-goa28w.com,,,,
homoglyph,secure.xn--ppal-goa2o.com,,,,
homoglyph,secure.xn--ppal-goa86j.com,,,,
homoglyph,secure.xn--ppal-goa89s.com,,,,
homoglyph,secure.xn--ppal-gsa14r.com,,,,
homoglyph,secure.xn--ppal-gsa55j.com,,,,
homoglyph,secure.xn--ppal-gsa9266b.com,,,,
homoglyph,secure.xn--ppal-gsa98o.com,,,,
homoglyph,secure.xn--ppal-gsa98r.com,,,,
homoglyph,secure.xn--ppal-gsa9a.com,,,,
homoglyph,secure.xn--ppal-gsal.com,,,,
homoglyph,secure.xn--ppal-gsax.com,,,,
homoglyph,secure.xn--ppal-l9a12k.com,,,,
homoglyph,secure.xn--ppal-l9a53c.com,,,,
homoglyph,secure.xn--ppal-l9a9095b.com,,,,
homoglyph,secure.xn--ppal-l9a96h.com,,,,
homoglyph,secure.xn--ppal-l9a96k.com,,,,
homoglyph,secure.xn--ppal-lfc9224b.com,,,,
homoglyph,secure.xn--ppal-lo5ate.com,,,,
homoglyph,secure.xn--ppal-loa26j.com,,,,
homoglyph,secure.xn--ppal-loa29s.com,,,,
homoglyph,secure.xn--ppal-loa42r.com,,,,
homoglyph,secure.xn--ppal-loa4866b.com,,,,
homoglyph,secure.xn--ppal-loa4m.com,,,,
homoglyph,secure.xn--ppal-loa6537b.com,,,,
homoglyph,secure.xn--ppal-loa67w.com,,,,
homoglyph,secure.xn--ppal-loa6927b.com,,,,
homoglyph,secure.xn--ppal-loa69f.com,,,,
homoglyph,secure.xn--ppal-loa6n.com,,,,
homoglyph,secure.xn--ppal-q5b4944b.com,,,,
homoglyph,secure.xn--ppal-q5b6015b.com,,,,
homoglyph,secure.xn--ppal-q5b6615b.com,,,,
homoglyph,secure.xn--ppal-q5b68a.com,,,,
homoglyph,secure.xn--ppal-qoa0537b.com,,,,
homoglyph,secure.xn--ppal-qoa07w.com,,,,
homoglyph,secure.xn--ppal-qoa0927b.com,,,,
homoglyph,secure.xn--ppal-qoa09f.com,,,,
homoglyph,secure.xn--ppal-qoa0n.com,,,,
homoglyph,secure.xn--ppal-qoa65j.com,,,,
homoglyph,secure.xn--ppal-qoa68s.com,,,,
homoglyph,secure.xn--ppal-qoa81r.com,,,,
homoglyph,secure.xn--ppal-qoa8766b.com,,,,
homoglyph,secure.xn--ppal-qoa8l.com,,,,
homoglyph,secure.xn--ppal-qsa0156b.com,,,,
homoglyph,secure.xn--ppal-qsa05p.com,,,,
homoglyph,secure.xn--ppal-qsa20v.com,,,,
homoglyph,secure.xn--ppal-qsa2217b.com,,,,
homoglyph,secure.xn--ppal-qsa22e.com,,,,
homoglyph,secure.xn--ppal-qsa2817b.com,,,,
homoglyph,secure.xn--ppal-qsa81r.com,,,,
homoglyph,secure.xn--ppal-qsa88h.com,,,,
homoglyph,secure.xn--ppal-qzb4v.com,,,,
homoglyph,secure.xn--ppal-qzb6474b.com,,,,
homoglyph,secure.xn--ppal-qzb6e.com,,,,
homoglyph,secure.xn--ppal-qzb8145b.com,,,,
homoglyph,secure.xn--ppal-qzb83d.com,,,,
homoglyph,secure.xn--ppal-qzb8535b.com,,,,
homoglyph,secure.xn--ppal-v6b6444b.com,,,,
homoglyph,secure.xn--ppal-v6b8115b.com,,,,
homoglyph,secure.xn--ppal-v6b83a.com,,,,
homoglyph,secure.xn--ppal-v6b8505b.com,,,,
homoglyph,secure.xn--pyal-0mb3394b.com,,,,
homoglyph,secure.xn--pyal-0mb5494b.com,,,,
homoglyph,secure.xn--pyal-0na1636b.com,,,,
homoglyph,secure.xn--pyal-0na35k.com,,,,
homoglyph,secure.xn--pyal-0na3736b.com,,,,
homoglyph,secure.xn--pyal-0na79i.com,,,,
homoglyph,secure.xn--pyal-0sa1516b.com,,,,
homoglyph,secure.xn--pyal-0sa34i.com,,,,
homoglyph,secure.xn--pyal-0sa3616b.com,,,,
homoglyph,secure.xn--pyal-0sa78g.com,,,,
homoglyph,secure.xn--pyal-5na19i.com,,,,
homoglyph,secure.xn--pyal-5na5536b.com,,,,
homoglyph,secure.xn--pyal-5na74k.com,,,,
homoglyph,secure.xn--pyal-5na7636b.com,,,,
homoglyph,secure.xn--pyal-6gb2365b.com,,,,
homoglyph,secure.xn--pyal-6gb29e.com,,,,
homoglyph,secure.xn--pyal-6gb29h.com,,,,
homoglyph,secure.xn--pyal-6gb44h.com,,,,
homoglyph,secure.xn--pyal-6gb8v.com,,,,
homoglyph,secure.xn--pyal-boa14k.com,,,,
homoglyph,secure.xn--pyal-boa1636b.com,,,,
homoglyph,secure.xn--pyal-boa58i.com,,,,
homoglyph,secure.xn--pyal-boa9436b.com,,,,
homoglyph,secure.xn--pyal-bta13i.com,,,,
homoglyph,secure.xn--pyal-bta1516b.com,,,,
homoglyph,secure.xn--pyal-bta57g.com,,,,
homoglyph,secure.xn--pyal-bta9316b.com,,,,
homoglyph,secure.xn--pyal-cg5aou.com,,,,
homoglyph,secure.xn--pyal-goa3436b.com,,,,
homoglyph,secure.xn--pyal-goa53k.com,,,,
homoglyph,secure.xn--pyal-goa5536b.com,,,,
homoglyph,secure.xn--pyal-goa97i.com,,,,
homoglyph,secure.xn--pyal-loa37i.com,,,,
homoglyph,secure.xn--pyal-loa7336b.com,,,,
homoglyph,secure.xn--pyal-loa92k.com,,,,
homoglyph,secure.xn--pyal-loa9436b.com,,,,
homoglyph,secure.xn--pyal-mg5ayt.com,,,,
homoglyph,secure.xn--pyal-q5b7414b.com,,,,
homoglyph,secure.xn--pyal-q5b9514b.com,,,,
homoglyph,secure.xn--pyal-qoa1336b.com,,,,
homoglyph,secure.xn--pyal-qoa32k.com,,,,
homoglyph,secure.xn--pyal-qoa3436b.com,,,,
homoglyph,secure.xn--pyal-qoa76i.com,,,,
homoglyph,secure.xn--pyal-qsa3616b.com,,,,
homoglyph,secure.xn--pyal-qsa55i.com,,,,
homoglyph,secure.xn--pyal-qsa5716b.com,,,,
homoglyph,secure.xn--pyal-qsa99g.com,,,,
homoglyph,secure.xn--pyal-qzb1144b.com,,,,
homoglyph,secure.xn--pyal-qzb9934b.com,,,,
homoglyph,secure.xn--pyal-v6b1114b.com,,,,
homoglyph,secure.xn--pyal-v6b9904b.com,,,,
homoglyph,secure.xn--pyal-wkb2g.com,,,,
homoglyph,secure.xn--pyal-wkb63d.com,,,,
homoglyph,secure.xn--pyal-wkb63g.com,,,,
homoglyph,secure.xn--pyal-wkb6745b.com,,,,
homoglyph,secure.xn--pyal-wkb88f.com,,,,
homoglyph,secure.xn--pypa-0mb95g.com,,,,
homoglyph,secure.xn--pypa-0na18c.com,,,,
homoglyph,secure.xn--pypa-0na50d.com,,,,
homoglyph,secure.xn--pypa-0na75c.com,,,,
homoglyph,secure.xn--pypa-0na78u.com,,,,
homoglyph,secure.xn--pypa-0na96c.com,,,,
homoglyph,secure.xn--pypa-0sa17a.com,,,,
homoglyph,secure.xn--pypa-0sa59a.com,,,,
homoglyph,secure.xn--pypa-0sa74a.com,,,,
homoglyph,secure.xn--pypa-0sa77s.com,,,,
homoglyph,secure.xn--pypa-0sa95a.com,,,,
homoglyph,secure.xn--pypa-31a05f.com,,,,
homoglyph,secure.xn--pypa-31a4226b.com,,,,
homoglyph,secure.xn--pypa-31a48k.com,,,,
homoglyph,secure.xn--pypa-31a48n.com,,,,
homoglyph,secure.xn--pypa-31a63n.com,,,,
homoglyph,secure.xn--pypa-5na15c.com,,,,
homoglyph,secure.xn--pypa-5na18u.com,,,,
homoglyph,secure.xn--pypa-5na36c.com,,,,
homoglyph,secure.xn--pypa-5na57c.com,,,,
homoglyph,secure.xn--pypa-5na99c.com,,,,
homoglyph,secure.xn--pypa-80a02l.com,,,,
homoglyph,secure.xn--pypa-80a02o.com,,,,
homoglyph,secure.xn--pypa-80a0626b.com,,,,
homoglyph,secure.xn--pypa-80a27n.com,,,,
homoglyph,secure.xn--pypa-80a68f.com,,,,
homoglyph,secure.xn--pypa-boa39c.com,,,,
homoglyph,secure.xn--pypa-boa54c.com,,,,
homoglyph,secure.xn--pypa-boa57u.com,,,,
homoglyph,secure.xn--pypa-boa75c.com,,,,
homoglyph,secure.xn--pypa-boa96c.com,,,,
homoglyph,secure.xn--pypa-bta38a.com,,,,
homoglyph,secure.xn--pypa-bta53a.com,,,,
homoglyph,secure.xn--pypa-bta56s.com,,,,
homoglyph,secure.xn--pypa-bta74a.com,,,,
homoglyph,secure.xn--pypa-bta95a.com,,,,
homoglyph,secure.xn--pypa-goa15c.com,,,,
homoglyph,secure.xn--pypa-goa36c.com,,,,
homoglyph,secure.xn--pypa-goa78c.com,,,,
homoglyph,secure.xn--pypa-goa93c.com,,,,
homoglyph,secure.xn--pypa-goa96u.com,,,,
homoglyph,secure.xn--pypa-j1a06n.com,,,,
homoglyph,secure.xn--pypa-j1a47f.com,,,,
homoglyph,secure.xn--pypa-j1a80l.com,,,,
homoglyph,secure.xn--pypa-j1a80o.com,,,,
homoglyph,secure.xn--pypa-j1a8426b.com,,,,
homoglyph,secure.xn--pypa-j9b2444b.com,,,,
homoglyph,secure.xn--pypa-loa18c.com,,,,
homoglyph,secure.xn--pypa-loa33c.com,,,,
homoglyph,secure.xn--pypa-loa36u.com,,,,
homoglyph,secure.xn--pypa-loa54c.com,,,,
homoglyph,secure.xn--pypa-loa75c.com,,,,
homoglyph,secure.xn--pypa-q5b3n.com,,,,
homoglyph,secure.xn--pypa-qoa15c.com,,,,
homoglyph,secure.xn--pypa-qoa57c.com,,,,
homoglyph,secure.xn--pypa-qoa72c.com,,,,
homoglyph,secure.xn--pypa-qoa75u.com,,,,
homoglyph,secure.xn--pypa-qoa93c.com,,,,
homoglyph,secure.xn--pypa-qsa17a.com,,,,
homoglyph,secure.xn--pypa-qsa38a.com,,,,
homoglyph,secure.xn--pypa-qsa70b.com,,,,
homoglyph,secure.xn--pypa-qsa95a.com,,,,
homoglyph,secure.xn--pypa-qsa98s.com,,,,
homoglyph,secure.xn--pypa-qzb52b.com,,,,
homoglyph,secure.xn--pypa-v6b5i.com,,,,
homoglyph,secure.xn--pypa-y0a23l.com,,,,
homoglyph,secure.xn--pypa-y0a23o.com,,,,
homoglyph,secure.xn--pypa-y0a2726b.com,,,,
homoglyph,secure.xn--pypa-y0a48n.com,,,,
homoglyph,secure.xn--pypa-y0a89f.com,,,,
homoglyph,secure.xn--pypa1-0jc.com,,,,
homoglyph,secure.xn--pypa1-3qa.com,,,,
homoglyph,secure.xn--pypa1-3wa.com,,,,
homoglyph,secure.xn--pypa1-9qa.com,,,,
homoglyph,secure.xn--pypa1-elc.com,,,,
homoglyph,secure.xn--pypa1-fwa.com,,,,
homoglyph,secure.xn--pypa1-gra.com,,,,
homoglyph,secure.xn--pypa1-j11b.com,,,,
homoglyph,secure.xn--pypa1-kwb.com,,,,
homoglyph,secure.xn--pypa1-mra.com,,,,
homoglyph,secure.xn--pypa1-rqa.com,,,,
homoglyph,secure.xn--pypa1-rwa.com,,,,
homoglyph,secure.xn--pypa1-tcc.com,,,,
homoglyph,secure.xn--pypa1-xqa.com,,,,
homoglyph,secure.xn--pypai-0jc.com,,,,
homoglyph,secure.xn--pypai-3qa.com,,,,
homoglyph,secure.xn--pypai-3wa.com,,,,
homoglyph,secure.xn--pypai-9qa.com,,,,
homoglyph,secure.xn--pypai-elc.com,,,,
homoglyph,secure.xn--pypai-fwa.com,,,,
homoglyph,secure.xn--pypai-gra.com,,,,
homoglyph,secure.xn--pypai-j11b.com,,,,
homoglyph,secure.xn--pypai-kwb.com,,,,
homoglyph,secure.xn--pypai-mra.com,,,,
homoglyph,secure.xn--pypai-rqa.com,,,,
homoglyph,secure.xn--pypai-rwa.com,,,,
homoglyph,secure.xn--pypai-tcc.com,,,,
homoglyph,secure.xn--pypai-xqa.com,,,,
homoglyph,secure.xn--pypal-0jc.com,,,,
homoglyph,secure.xn--pypal-3qa.com,,,,
homoglyph,secure.xn--pypal-3wa.com,,,,
homoglyph,secure.xn--pypal-9qa.com,,,,
homoglyph,secure.xn--pypal-elc.com,,,,
homoglyph,secure.xn--pypal-fwa.com,,,,
homoglyph,secure.xn--pypal-gra.com,,,,
homoglyph,secure.xn--pypal-j11b.com,,,,
homoglyph,secure.xn--pypal-kwb.com,,,,
homoglyph,secure.xn--pypal-mra.com,,,,
homoglyph,secure.xn--pypal-rqa.com,,,,
homoglyph,secure.xn--pypal-rwa.com,,,,
homoglyph,secure.xn--pypal-tcc.com,,,,
homoglyph,secure.xn--pypal-xqa.com,,,,
homoglyph,secure.xn--pypl-0mb05c.com,,,,
homoglyph,secure.xn--pypl-0mb05f.com,,,,
homoglyph,secure.xn--pypl-0mb0935b.com,,,,
homoglyph,secure.xn--pypl-0mb20f.com,,,,
homoglyph,secure.xn--pypl-0mbc.com,,,,
homoglyph,secure.xn--pypl-0na03t.com,,,,
homoglyph,secure.xn--pypl-0na0a.com,,,,
homoglyph,secure.xn--pypl-0na44l.com,,,,
homoglyph,secure.xn--pypl-0na4r.com,,,,
homoglyph,secure.xn--pypl-0na6a.com,,,,
homoglyph,secure.xn--pypl-0na6s.com,,,,
homoglyph,secure.xn--pypl-0na8186b.com,,,,
homoglyph,secure.xn--pypl-0na87q.com,,,,
homoglyph,secure.xn--pypl-0na87t.com,,,,
homoglyph,secure.xn--pypl-0na8t.com,,,,
homoglyph,secure.xn--pypl-0nac.com,,,,
homoglyph,secure.xn--pypl-0nai.com,,,,
homoglyph,secure.xn--pypl-0nao.com,,,,
homoglyph,secure.xn--pypl-0nau.com,,,,
homoglyph,secure.xn--pypl-0sa02r.com,,,,
homoglyph,secure.xn--pypl-0sa43j.com,,,,
homoglyph,secure.xn--pypl-0sa8066b.com,,,,
homoglyph,secure.xn--pypl-0sa86o.com,,,,
homoglyph,secure.xn--pypl-0sa86r.com,,,,
homoglyph,secure.xn--pypl-0sac.com,,,,
homoglyph,secure.xn--pypl-0sao.com,,,,
homoglyph,secure.xn--pypl-2mb54c.com,,,,
homoglyph,secure.xn--pypl-2mb54f.com,,,,
homoglyph,secure.xn--pypl-2mb5835b.com,,,,
homoglyph,secure.xn--pypl-2mb79e.com,,,,
homoglyph,secure.xn--pypl-2na1a.com,,,,
homoglyph,secure.xn--pypl-2na1s.com,,,,
homoglyph,secure.xn--pypl-2na3186b.com,,,,
homoglyph,secure.xn--pypl-2na37q.com,,,,
homoglyph,secure.xn--pypl-2na37t.com,,,,
homoglyph,secure.xn--pypl-2na3t.com,,,,
homoglyph,secure.xn--pypl-2na52t.com,,,,
homoglyph,secure.xn--pypl-2na93l.com,,,,
homoglyph,secure.xn--pypl-2na9q.com,,,,
homoglyph,secure.xn--pypl-2nad.com,,,,
homoglyph,secure.xn--pypl-2naj.com,,,,
homoglyph,secure.xn--pypl-2nap.com,,,,
homoglyph,secure.xn--pypl-2nav.com,,,,
homoglyph,secure.xn--pypl-2sa3066b.com,,,,
homoglyph,secure.xn--pypl-2sa36o.com,,,,
homoglyph,secure.xn--pypl-2sa36r.com,,,,
homoglyph,secure.xn--pypl-2sa51r.com,,,,
homoglyph,secure.xn--pypl-2sa92j.com,,,,
homoglyph,secure.xn--pypl-2saj.com,,,,
homoglyph,secure.xn--pypl-5na0a.com,,,,
homoglyph,secure.xn--pypl-5na0s.com,,,,
homoglyph,secure.xn--pypl-5na2186b.com,,,,
homoglyph,secure.xn--pypl-5na27q.com,,,,
homoglyph,secure.xn--pypl-5na27t.com,,,,
homoglyph,secure.xn--pypl-5na2t.com,,,,
homoglyph,secure.xn--pypl-5na42t.com,,,,
homoglyph,secure.xn--pypl-5na83l.com,,,,
homoglyph,secure.xn--pypl-5na8q.com,,,,
homoglyph,secure.xn--pypl-5nac.com,,,,
homoglyph,secure.xn--pypl-5nai.com,,,,
homoglyph,secure.xn--pypl-5nao.com,,,,
homoglyph,secure.xn--pypl-5nau.com,,,,
homoglyph,secure.xn--pypl-5q5ac.com,,,,
homoglyph,secure.xn--pypl-7na33l.com,,,,
homoglyph,secure.xn--pypl-7na3q.com,,,,
homoglyph,secure.xn--pypl-7na5r.com,,,,
homoglyph,secure.xn--pypl-7na7086b.com,,,,
homoglyph,secure.xn--pypl-7na76q.com,,,,
homoglyph,secure.xn--pypl-7na76t.com,,,,
homoglyph,secure.xn--pypl-7na7s.com,,,,
homoglyph,secure.xn--pypl-7na91t.com,,,,
homoglyph,secure.xn--pypl-7nad.com,,,,
homoglyph,secure.xn--pypl-7naj.com,,,,
homoglyph,secure.xn--pypl-7nap.com,,,,
homoglyph,secure.xn--pypl-7nav.com,,,,
homoglyph,secure.xn--pypl-boa23l.com,,,,
homoglyph,secure.xn--pypl-boa2q.com,,,,
homoglyph,secure.xn--pypl-boa4r.com,,,,
homoglyph,secure.xn--pypl-boa6086b.com,,,,
homoglyph,secure.xn--pypl-boa66q.com,,,,
homoglyph,secure.xn--pypl-boa66t.com,,,,
homoglyph,secure.xn--pypl-boa6s.com,,,,
homoglyph,secure.xn--pypl-boa81t.com,,,,
homoglyph,secure.xn--pypl-boac.com,,,,
homoglyph,secure.xn--pypl-boai.com,,,,
homoglyph,secure.xn--pypl-boao.com,,,,
homoglyph,secure.xn--pypl-boau.com,,,,
homoglyph,secure.xn--pypl-bta22j.com,,,,
homoglyph,secure.xn--pypl-bta65o.com,,,,
homoglyph,secure.xn--pypl-bta65r.com,,,,
homoglyph,secure.xn--pypl-bta6956b.com,,,,
homoglyph,secure.xn--pypl-bta80r.com,,,,
homoglyph,secure.xn--pypl-btac.com,,,,
homoglyph,secure.xn--pypl-doa1086b.com,,,,
homoglyph,secure.xn--pypl-doa16q.com,,,,
homoglyph,secure.xn--pypl-doa16t.com,,,,
homoglyph,secure.xn--pypl-doa1s.com,,,,
homoglyph,secure.xn--pypl-doa31t.com,,,,
homoglyph,secure.xn--pypl-doa72l.com,,,,
homoglyph,secure.xn--pypl-doa7p.com,,,,
homoglyph,secure.xn--pypl-doa9q.com,,,,
homoglyph,secure.xn--pypl-doad.com,,,,
homoglyph,secure.xn--pypl-doaj.com,,,,
homoglyph,secure.xn--pypl-doap.com,,,,
homoglyph,secure.xn--pypl-dta15o.com,,,,
homoglyph,secure.xn--pypl-dta15r.com,,,,
homoglyph,secure.xn--pypl-dta1956b.com,,,,
homoglyph,secure.xn--pypl-dta30r.com,,,,
homoglyph,secure.xn--pypl-dta71j.com,,,,
homoglyph,secure.xn--pypl-goa0086b.com,,,,
homoglyph,secure.xn--pypl-goa06q.com,,,,
homoglyph,secure.xn--pypl-goa06t.com,,,,
homoglyph,secure.xn--pypl-goa0s.com,,,,
homoglyph,secure.xn--pypl-goa21t.com,,,,
homoglyph,secure.xn--pypl-goa62l.com,,,,
homoglyph,secure.xn--pypl-goa6p.com,,,,
homoglyph,secure.xn--pypl-goa8q.com,,,,
homoglyph,secure.xn--pypl-goac.com,,,,
homoglyph,secure.xn--pypl-goai.com,,,,
homoglyph,secure.xn--pypl-goao.com,,,,
homoglyph,secure.xn--pypl-ioa12l.com,,,,
homoglyph,secure.xn--pypl-ioa1p.com,,,,
homoglyph,secure.xn--pypl-ioa3q.com,,,,
homoglyph,secure.xn--pypl-ioa55q.com,,,,
homoglyph,secure.xn--pypl-ioa55t.com,,,,
homoglyph,secure.xn--pypl-ioa5976b.com,,,,
homoglyph,secure.xn--pypl-ioa5r.com,,,,
homoglyph,secure.xn--pypl-ioa70t.com,,,,
homoglyph,secure.xn--pypl-ioad.com,,,,
homoglyph,secure.xn--pypl-ioaj.com,,,,
homoglyph,secure.xn--pypl-loa02l.com,,,,
homoglyph,secure.xn--pypl-loa0p.com,,,,
homoglyph,secure.xn--pypl-loa2q.com,,,,
homoglyph,secure.xn--pypl-loa45q.com,,,,
homoglyph,secure.xn--pypl-loa45t.com,,,,
homoglyph,secure.xn--pypl-loa4976b.com,,,,
homoglyph,secure.xn--pypl-loa4r.com,,,,
homoglyph,secure.xn--pypl-loa60t.com,,,,
homoglyph,secure.xn--pypl-loac.com,,,,
homoglyph,secure.xn--pypl-loai.com,,,,
homoglyph,secure.xn--pypl-noa10t.com,,,,
homoglyph,secure.xn--pypl-noa51l.com,,,,
homoglyph,secure.xn--pypl-noa5o.com,,,,
homoglyph,secure.xn--pypl-noa7p.com,,,,
homoglyph,secure.xn--pypl-noa94q.com,,,,
homoglyph,secure.xn--pypl-noa94t.com,,,,
homoglyph,secure.xn--pypl-noa9876b.com,,,,
homoglyph,secure.xn--pypl-noa9q.com,,,,
homoglyph,secure.xn--pypl-noad.com,,,,
homoglyph,secure.xn--pypl-q5b4064b.com,,,,
homoglyph,secure.xn--pypl-q5b4c.com,,,,
homoglyph,secure.xn--pypl-q5bc.com,,,,
homoglyph,secure.xn--pypl-qoa00t.com,,,,
homoglyph,secure.xn--pypl-qoa41l.com,,,,
homoglyph,secure.xn--pypl-qoa4o.com,,,,
homoglyph,secure.xn--pypl-qoa6p.com,,,,
homoglyph,secure.xn--pypl-qoa84q.com,,,,
homoglyph,secure.xn--pypl-qoa84t.com,,,,
homoglyph,secure.xn--pypl-qoa8876b.com,,,,
homoglyph,secure.xn--pypl-qoa8q.com,,,,
homoglyph,secure.xn--pypl-qoac.com,,,,
homoglyph,secure.xn--pypl-qsa0266b.com,,,,
homoglyph,secure.xn--pypl-qsa08o.com,,,,
homoglyph,secure.xn--pypl-qsa08r.com,,,,
homoglyph,secure.xn--pypl-qsa0a.com,,,,
homoglyph,secure.xn--pypl-qsa23r.com,,,,
homoglyph,secure.xn--pypl-qsa64j.com,,,,
homoglyph,secure.xn--pypl-qsac.com,,,,
homoglyph,secure.xn--pypl-qsao.com,,,,
homoglyph,secure.xn--pypl-qzb61a.com,,,,
homoglyph,secure.xn--pypl-qzb6584b.com,,,,
homoglyph,secure.xn--pypl-qzb8w.com,,,,
homoglyph,secure.xn--pypl-qzbc.com,,,,
homoglyph,secure.xn--pypl-s5b9954b.com,,,,
homoglyph,secure.xn--pypl-s5b9b.com,,,,
homoglyph,secure.xn--pypl-soa1p.com,,,,
homoglyph,secure.xn--pypl-soa34q.com,,,,
homoglyph,secure.xn--pypl-soa34t.com,,,,
homoglyph,secure.xn--pypl-soa3876b.com,,,,
homoglyph,secure.xn--pypl-soa3q.com,,,,
homoglyph,secure.xn--pypl-soa59s.com,,,,
homoglyph,secure.xn--pypl-soa90l.com,,,,
homoglyph,secure.xn--pypl-soa9n.com,,,,
homoglyph,secure.xn--pypl-ssa14j.com,,,,
homoglyph,secure.xn--pypl-ssa5166b.com,,,,
homoglyph,secure.xn--pypl-ssa57o.com,,,,
homoglyph,secure.xn--pypl-ssa57r.com,,,,
homoglyph,secure.xn--pypl-ssa72r.com,,,,
homoglyph,secure.xn--pypl-ssaj.com,,,,
homoglyph,secure.xn--pypl-ssav.com,,,,
homoglyph,secure.xn--pypl-szb11a.com,,,,
homoglyph,secure.xn--pypl-szb1584b.com,,,,
homoglyph,secure.xn--pypl-szb3w.com,,,,
homoglyph,secure.xn--pypl-v6b6554b.com,,,,
homoglyph,secure.xn--pypl-v6bc.com,,,,
homoglyph,secure.xn--pypl-x6b1554b.com,,,,
homoglyph,secure.xn--ypal-4gb0w.com,,,,
homoglyph,secure.xn--ypal-4gb4365b.com,,,,
homoglyph,secure.xn--ypal-4gb49e.com,,,,
homoglyph,secure.xn--ypal-4gb49h.com,,,,
homoglyph,secure.xn--ypal-4gb64h.com,,,,
homoglyph,secure.xn--ypal-4na3536b.com,,,,
homoglyph,secure.xn--ypal-4na54k.com,,,,
homoglyph,secure.xn--ypal-4na5636b.com,,,,
homoglyph,secure.xn--ypal-4na98i.com,,,,
homoglyph,secure.xn--ypal-9f5aqu.com,,,,
homoglyph,secure.xn--ypal-9na38i.com,,,,
homoglyph,secure.xn--ypal-9na7436b.com,,,,
homoglyph,secure.xn--ypal-9na93k.com,,,,
homoglyph,secure.xn--ypal-9na9536b.com,,,,
homoglyph,secure.xn--ypal-9sa37g.com,,,,
homoglyph,secure.xn--ypal-9sa7316b.com,,,,
homoglyph,secure.xn--ypal-9sa92i.com,,,,
homoglyph,secure.xn--ypal-9sa9416b.com,,,,
homoglyph,secure.xn--ypal-foa1436b.com,,,,
homoglyph,secure.xn--ypal-foa33k.com,,,,
homoglyph,secure.xn--ypal-foa3536b.com,,,,
homoglyph,secure.xn--ypal-foa77i.com,,,,
homoglyph,secure.xn--ypal-kg5a0t.com,,,,
homoglyph,secure.xn--ypal-koa17i.com,,,,
homoglyph,secure.xn--ypal-koa5336b.com,,,,
homoglyph,secure.xn--ypal-koa72k.com,,,,
homoglyph,secure.xn--ypal-koa7436b.com,,,,
homoglyph,secure.xn--ypal-p5b5414b.com,,,,
homoglyph,secure.xn--ypal-p5b7514b.com,,,,
homoglyph,secure.xn--ypal-poa12k.com,,,,
homoglyph,secure.xn--ypal-poa1436b.com,,,,
homoglyph,secure.xn--ypal-poa56i.com,,,,
homoglyph,secure.xn--ypal-poa9236b.com,,,,
homoglyph,secure.xn--ypal-psa1616b.com,,,,
homoglyph,secure.xn--ypal-psa35i.com,,,,
homoglyph,secure.xn--ypal-psa3716b.com,,,,
homoglyph,secure.xn--ypal-psa79g.com,,,,
homoglyph,secure.xn--ypal-pzb7934b.com,,,,
homoglyph,secure.xn--ypal-pzb9044b.com,,,,
homoglyph,secure.xn--ypal-u6b7904b.com,,,,
homoglyph,secure.xn--ypal-u6b9014b.com,,,,
homoglyph,secure.xn--ypal-ukb09f.com,,,,
homoglyph,secure.xn--ypal-ukb4g.com,,,,
homoglyph,secure.xn--ypal-ukb83d.com,,,,
homoglyph,secure.xn--ypal-ukb83g.com,,,,
homoglyph,secure.xn--ypal-ukb8745b.com,,,,
homoglyph,secure.xn--ypal-zmb1394b.com,,,,
homoglyph,secure.xn--ypal-zmb3494b.com,,,,
homoglyph,secure.xn--ypal-zna15k.com,,,,
homoglyph,secure.xn--ypal-zna1736b.com,,,,
homoglyph,secure.xn--ypal-zna59i.com,,,,
homoglyph,secure.xn--ypal-zna9536b.com,,,,
homoglyph,secure.xn--ypal-zsa14i.com,,,,
homoglyph,secure.xn--ypal-zsa1616b.com,,,,
homoglyph,secure.xn--ypal-zsa58g.com,,,,
homoglyph,secure.xn--ypal-zsa9416b.com,,,,
hyphenation,secure.p-aypal.com,,,,
hyphenation,secure.pa-ypal.com,,,,
hyphenation,secure.pay-pal.com,,,,
hyphenation,secure.payp-al.com,103.224.182.251,,park-mx.above.com,ns3.abovedomains.com
hyphenation,secure.paypa-l.com,,,,
insertion,secure.paytpal.com,103.224.182.251,,park-mx.above.com,ns1.abovedomains.com
insertion,secure.paypawl.com,103.224.212.200,,park-mx.above.com,ns1.abovedomains.com
insertion,secure.paypsal.com,103.224.212.200,,park-mx.above.com,ns1.abovedomains.com
insertion,secure.psaypal.com,103.224.212.201,,park-mx.above.com,ns1.abovedomains.com
insertion,secure.patypal.com,103.224.212.202,,park-mx.above.com,ns1.abovedomains.com
insertion,secure.paypqal.com,103.224.212.206,,park-mx.above.com,ns1.abovedomains.com
insertion,secure.paylpal.com,172.233.219.123,,mx156.hostedmxserver.com,ns1.parklogic.com
insertion,secure.paypaql.com,172.93.194.60,,,
insertion,secure.pyaypal.com,192.155.84.236,2600:3c01::f03c:95ff:fe00:29ca,mail.mailerhost.net,baobao.ns.giantpanda.com
insertion,secure.mpaypal.com,199.59.243.228,,,
insertion,secure.opaypal.com,199.59.243.228,,,
insertion,secure.p1aypal.com,,,,
insertion,secure.p2aypal.com,,,,
insertion,secure.pa1ypal.com,,,,
insertion,secure.pa2ypal.com,,,,
insertion,secure.pa6ypal.com,,,,
insertion,secure.pa7ypal.com,,,,
insertion,secure.pasypal.com,103.224.182.251,,park-mx.above.com,ns1.abovedomains.com
insertion,secure.paxypal.com,,,,
insertion,secure.pay0pal.com,,,,
insertion,secure.payhpal.com,103.224.182.252,,park-mx.above.com,ns1.abovedomains.com
insertion,secure.pay6pal.com,103.224.212.201,,park-mx.above.com,ns1.abovedomains.com
insertion,secure.pazypal.com,103.224.212.201,,park-mx.above.com,ns1.abovedomains.com
insertion,secure.paygpal.com,103.224.212.202,,park-mx.above.com,ns1.abovedomains.com
insertion,secure.payp0al.com,103.224.212.202,,park-mx.above.com,ns1.abovedomains.com
insertion,secure.pagypal.com,103.224.212.203,,park-mx.above.com,ns1.abovedomains.com
insertion,secure.pauypal.com,103.224.212.205,,park-mx.above.com,ns1.abovedomains.com
insertion,secure.p0aypal.com,104.247.81.54,,mail.h-email.net,ns1.parkingcrew.net
insertion,secure.paqypal.com,162.210.195.111,,,
insertion,secure.pay7pal.com,,,,
insertion,secure.paypwal.com,103.224.212.205,,park-mx.above.com,ns1.abovedomains.com
insertion,secure.paypzal.com,103.224.212.205,,park-mx.above.com,ns1.abovedomains.com
insertion,secure.payopal.com,104.237.196.115,,,
insertion,secure.payupal.com,172.233.219.123,,mx156.hostedmxserver.com,ns1.parklogic.com
insertion,secure.paypayl.com,192.155.108.149,,,
insertion,secure.payapal.com,192.155.84.236,2600:3c01::f03c:95ff:fe00:29ca,mail.mailerhost.net,baobao.ns.giantpanda.com
insertion,secure.paypasl.com,192.155.84.236,2600:3c01::f03c:95ff:fe00:29ca,mail.mailerhost.net,ns1.trafficcontrolrouter.com
insertion,secure.lpaypal.com,192.157.56.142,,,
insertion,secure.payplal.com,199.59.243.228,,,
insertion,secure.pahypal.com,216.245.213.75,,,
insertion,secure.paaypal.com,3.33.139.32,,,
insertion,secure.0paypal.com,34.111.46.214,,,
insertion,secure.pawypal.com,34.193.9.80,,,expired1.namebrightdns.com
insertion,secure.paympal.com,,,,
insertion,secure.payp1al.com,,,,
insertion,secure.payp2al.com,,,,
insertion,secure.paypa1l.com,66.81.203.198,,,
insertion,secure.paypa2l.com,,,,
insertion,secure.paypazl.com,,,,
insertion,secure.paypmal.com,,,,
insertion,secure.payxpal.com,,,,
insertion,secure.poaypal.com,208.91.196.152,,~,sk.s7.ans1.ns147.klczy.com
insertion,secure.payypal.com,3.33.139.32,,,
insertion,secure.paypoal.com,64.190.63.222,,localhost,ns1.sedoparking.com
insertion,secure.paypyal.com,,,,
insertion,secure.playpal.com,,,,
insertion,secure.pmaypal.com,,,,
insertion,secure.pzaypal.com,103.224.212.207,,park-mx.above.com,ns1.abovedomains.com
insertion,secure.pqaypal.com,216.245.213.76,,,
insertion,secure.pwaypal.com,69.162.80.53,,,
insertion,secure.payspal.com,,,,ns1.namebrightdns.com
omission,secure.pypal.com,103.224.182.238,,park-mx.above.com,ns1.abovedomains.com
omission,secure.aypal.com,103.224.212.202,,park-mx.above.com,ns1.abovedomains.com
omission,secure.papal.com,,,,
omission,secure.payal.com,66.81.203.11,,~,ns118550.ztomy.com
omission,secure.paypa.com,75.2.115.196,,,
omission,secure.paypl.com,75.2.115.196,,,
repetition,secure.paypaal.com,3.33.139.32,,,
repetition,secure.payppal.com,3.33.139.32,,,
repetition,secure.ppaypal.com,3.33.139.32,,,
replacement,secure.p1ypal.com,,,,
replacement,secure.p2ypal.com,,,,
replacement,secure.pahpal.com,,,,
replacement,secure.paspal.com,!ServFail,!ServFail,,!ServFail
replacement,secure.payoal.com,207.244.67.174,,,
replacement,secure.pa7pal.com,44.230.85.241,,,
replacement,secure.payp1l.com,,,,
replacement,secure.payp2l.com,,,,
replacement,secure.paypap.com,103.224.182.238,,park-mx.above.com,ns1.abovedomains.com
replacement,secure.paypak.com,103.224.182.241,,park-mx.above.com,ns1.abovedomains.com
replacement,secure.pa6pal.com,103.224.182.244,,park-mx.above.com,ns1.abovedomains.com
replacement,secure.paypzl.com,103.224.212.200,,park-mx.above.com,ns1.abovedomains.com
replacement,secure.pagpal.com,13.248.169.48,,,ns3.afternic.com
replacement,secure.paapal.com,162.210.196.171,,,
replacement,secure.patpal.com,172.93.194.62,,,
replacement,secure.paupal.com,172.98.192.36,,,
replacement,secure.paylal.com,172.98.192.36,,,
replacement,secure.pwypal.com,172.98.192.36,,,
replacement,secure.oaypal.com,185.107.56.205,,,
replacement,secure.paypwl.com,192.157.56.140,,,
replacement,secure.paypyl.com,198.54.117.242,,,failed-whois-verification.namecheap.com
replacement,secure.paypao.com,199.59.243.228,,,
replacement,secure.laypal.com,205.144.161.3,,,
replacement,secure.maypal.com,43.128.7.87,!ServFail,,!ServFail
replacement,secure.paypsl.com,64.190.63.222,,localhost,ns1.sedoparking.com
replacement,secure.pzypal.com,64.190.63.222,,localhost,ns1.sedoparking.com
replacement,secure.pyypal.com,64.225.91.73,,,
replacement,secure.psypal.com,75.126.100.26,,,
replacement,secure.paymal.com,91.195.240.101,,,
subdomain,secure.p.aypal.com,103.224.212.202,,park-mx.above.com,ns1.abovedomains.com
subdomain,secure.pa.ypal.com,103.224.212.205,,park-mx.above.com,ns1.abovedomains.com
subdomain,secure.pay.pal.com,64.99.64.37,,,
subdomain,secure.payp.al.com,,,,
transposition,secure.paypla.com,104.21.83.78,2606:4700:3031::6815:534e,,
transposition,secure.payapl.com,104.237.196.116,,,
transposition,secure.papyal.com,199.115.116.216,,,
transposition,secure.pyapal.com,64.190.63.222,,localhost,ns1.sedoparking.com
transposition,secure.apypal.com,69.162.80.59,,,
various,secure.paypalcom.com,,,,
various,securepaypal.com,15.197.148.33,,,ns69.domaincontrol.com
various,secure-paypal.com,208.91.196.152,,~,sk.s7.ans1.ns147.klczy.com
vowel-swap,secure.paypol.com,103.224.182.245,,park-mx.above.com,ns1.abovedomains.com
vowel-swap,secure.paypul.com,199.115.115.116,,,
vowel-swap,secure.poypal.com,5.22.145.121,2a00:18e0:5:2:7577:4e4d:413b:f507,,
vowel-swap,secure.puypal.com,,,,
